"","locus_tag","Choloylglycine hydrolase","3-alpha-hydroxycholanate dehydrogenase","Bile acid-coenzyme A ligase","3-oxocholoyl-CoA 4-desaturase","Bile acid-CoA transferase","7-beta-hydroxy-3-oxochol-24-oyl-CoA 4-desaturase","3-dehydro-bile acid delta","Bile acid 7-alpha dehydratase","7-alpha-hydroxysteroid dehydrogenase","7-beta-hydroxysteroid dehydrogenase","NADP-dependent 7-alpha-hydroxysteroid dehydrogenase","3 beta-hydroxysteroid dehydrogenase","Acetyl-coenzyme A synthetase","Succinate--CoA ligase [ADP-forming] subunit beta","Long-chain-fatty-acid--CoA ligase","Succinate--CoA ligase [ADP-forming] subunit alpha","Nicotinate-nucleotide adenylyltransferase|nicotinate-nucleotide adenylyltransferase","Cyclopropane-fatty-acyl-phospholipid synthase"
"1","GCA_000010425.1",1,0,0,0,0,0,0,0,0,0,0,0,0,0,1,0,1,0
"2","GCA_000011065.1",0,0,0,0,0,0,0,0,1,0,1,0,1,0,1,0,1,0
"3","GCA_000012825.1",1,0,0,0,0,0,0,0,0,0,0,0,1,0,1,0,1,0
"4","GCA_000012845.1",1,0,0,0,0,0,0,0,0,0,0,0,1,0,1,0,1,0
"5","GCA_000020225.1",0,0,0,0,0,0,0,0,0,0,0,0,0,0,0,0,1,0
"6","GCA_000020605.1",1,1,0,0,0,0,1,0,0,0,0,0,0,0,1,0,1,0
"7","GCA_000026225.1",0,0,0,0,0,0,0,0,0,0,0,0,1,0,1,0,1,1
"8","GCA_000146185.1",1,1,0,0,0,0,1,0,0,0,0,0,0,0,1,0,1,0
"9","GCA_000153925.1",0,1,0,1,0,1,1,0,0,0,0,0,0,0,0,0,1,0
"10","GCA_000154065.1",1,0,0,1,0,0,1,0,0,0,0,0,0,0,1,0,1,1
"11","GCA_000154105.1",0,0,0,0,0,0,0,0,0,0,0,0,1,0,1,0,1,1
"12","GCA_000154205.1",1,0,0,0,0,0,0,0,0,0,0,0,1,0,1,0,1,0
"13","GCA_000154345.1",0,0,0,0,0,0,1,0,0,0,0,0,1,0,1,0,1,0
"14","GCA_000154385.1",0,0,0,1,0,0,1,0,0,0,0,0,0,0,1,0,1,0
"15","GCA_000154485.1",0,0,0,1,0,1,1,0,0,0,0,0,0,0,0,0,1,0
"16","GCA_000154525.1",1,0,0,0,0,0,0,0,0,0,0,0,1,0,1,0,1,0
"17","GCA_000154865.1",0,1,0,0,0,0,0,0,0,0,0,1,1,0,1,0,1,1
"18","GCA_000154985.1",1,0,0,0,0,0,0,0,0,0,0,0,0,0,0,0,1,0
"19","GCA_000155085.1",0,0,0,0,0,0,1,0,0,0,0,0,0,0,1,0,1,0
"20","GCA_000155205.1",1,0,0,0,0,0,1,0,0,0,0,0,0,0,0,0,1,0
"21","GCA_000155835.1",1,0,0,0,0,0,0,0,0,0,0,0,1,0,1,0,1,1
"22","GCA_000155875.1",1,0,0,0,0,0,1,0,0,0,0,0,0,0,0,0,1,0
"23","GCA_000155955.1",0,0,0,0,0,0,1,0,0,0,0,0,0,0,1,0,1,1
"24","GCA_000155975.1",0,1,0,0,0,0,0,0,0,0,0,0,1,0,1,0,1,1
"25","GCA_000155995.1",0,1,0,0,0,0,0,0,0,0,0,0,1,0,1,0,1,1
"26","GCA_000156035.2",1,0,0,0,0,0,1,0,0,0,0,0,0,0,0,0,1,0
"27","GCA_000156075.1",1,0,0,0,0,0,0,0,0,0,0,0,1,0,1,0,1,0
"28","GCA_000156175.1",0,1,0,0,0,1,0,0,0,0,0,0,0,0,0,0,1,0
"29","GCA_000156195.1",0,0,0,0,0,0,0,0,1,0,1,0,1,0,1,0,1,0
"30","GCA_000156215.1",0,1,0,1,0,0,0,0,0,0,0,0,0,0,0,0,1,0
"31","GCA_000156495.1",0,0,0,0,0,0,0,0,1,0,0,0,1,0,1,0,1,0
"32","GCA_000156655.1",1,0,0,1,0,1,0,0,0,0,0,0,0,0,0,0,1,0
"33","GCA_000157915.1",1,0,0,0,0,0,0,0,0,0,0,1,1,0,1,0,1,0
"34","GCA_000157955.1",1,0,0,0,0,0,0,0,0,0,0,0,0,0,0,0,1,0
"35","GCA_000157995.1",0,0,0,0,0,1,0,0,1,0,1,0,0,0,1,0,1,0
"36","GCA_000158035.1",0,1,0,0,0,0,0,0,0,0,0,1,1,0,1,0,1,0
"37","GCA_000158055.1",1,1,0,0,0,0,0,0,0,0,0,0,1,0,1,0,1,1
"38","GCA_000158075.1",0,0,0,0,0,0,1,0,0,0,0,0,0,0,1,0,0,1
"39","GCA_000159055.1",1,0,0,0,0,0,1,0,1,0,1,0,0,0,1,0,1,1
"40","GCA_000160095.1",0,1,0,1,0,1,1,0,0,0,0,0,0,0,0,0,0,1
"41","GCA_000163955.1",0,0,0,0,0,0,0,0,0,0,0,0,1,0,1,0,1,1
"42","GCA_000169015.1",1,0,0,0,0,0,0,0,1,0,1,0,1,0,1,0,1,0
"43","GCA_000169035.1",1,1,0,0,0,1,1,0,0,1,0,0,0,0,0,0,1,0
"44","GCA_000169235.1",0,1,0,0,0,0,1,0,0,0,0,0,0,0,1,0,1,0
"45","GCA_000172135.1",1,0,0,0,0,0,0,0,0,0,0,0,0,0,1,0,1,0
"46","GCA_000172175.1",0,0,0,0,0,0,0,0,1,0,0,0,1,0,1,0,1,0
"47","GCA_000173355.1",0,0,0,0,0,0,1,0,0,0,0,0,0,0,0,0,1,0
"48","GCA_000173815.1",1,0,0,0,0,0,1,0,0,0,0,1,0,0,1,0,1,1
"49","GCA_000187895.1",1,0,0,0,0,0,0,0,0,0,0,0,1,0,1,0,1,0
"50","GCA_000210075.1",1,0,0,0,0,0,0,0,1,0,1,0,1,0,1,0,1,0
"51","GCA_000466485.1",0,1,0,0,0,0,1,0,1,0,1,0,0,0,1,0,1,1
"52","GCA_001008755.1",1,0,0,0,0,0,0,0,0,0,0,0,0,0,0,0,1,0
"53","GCA_001025135.1",1,0,0,0,0,0,0,0,0,0,0,0,0,0,1,0,1,0
"54","GCA_001025155.1",1,0,0,0,0,0,0,0,1,0,1,0,0,0,1,0,1,0
"55","GCA_001025215.1",1,0,0,0,0,0,0,0,0,0,0,0,0,0,1,0,1,0
"56","GCA_001049535.1",0,0,0,0,0,0,0,0,1,0,1,0,1,0,1,0,1,0
"57","GCA_001314975.1",0,0,0,0,0,0,0,0,1,0,1,0,1,0,1,0,1,0
"58","GCA_001314995.1",1,0,0,0,0,0,0,0,1,0,1,0,1,0,1,0,1,0
"59","GCA_002222595.2",0,1,0,0,0,0,1,0,0,0,0,0,0,0,0,0,1,0
"60","GCA_002234575.2",1,1,0,0,0,0,1,0,0,0,0,0,1,0,1,0,1,1
"61","GCA_003096415.1",0,0,0,0,0,0,1,0,0,0,0,0,1,0,1,0,1,0
"62","GCA_008281175.1",0,0,1,1,1,1,1,1,0,0,0,0,0,0,0,0,1,1
"63","GCA_009707925.1",1,1,0,0,0,1,1,0,0,0,0,0,0,0,1,0,1,1
"64","GCA_009831375.1",1,1,0,1,0,1,1,0,0,1,0,0,0,0,0,0,1,0
"65","GCA_009832885.1",0,0,0,0,0,0,0,0,1,0,0,0,1,0,1,0,1,1
"66","GCA_010669225.1",0,0,0,0,0,0,1,0,0,0,0,0,0,0,0,0,1,1
"67","GCA_019597925.1",1,0,1,1,1,1,1,1,1,0,1,0,0,0,1,0,1,1
"68","GCA_900537995.1",1,0,0,0,0,0,1,0,0,0,0,0,1,0,1,0,1,0
"69","GCA_900637705.1",0,0,0,0,0,0,0,0,1,0,0,0,0,0,0,0,1,0
"70","GCF_000025765.1",0,0,0,0,0,0,0,0,0,0,0,0,1,0,1,0,1,0
"71","GCF_000090945.1",0,0,0,0,0,0,1,0,0,0,0,0,0,0,0,0,1,0
"72","GCF_000144005.1",0,0,0,0,0,0,0,0,0,0,0,0,1,0,1,0,1,0
"73","GCF_000144025.1",0,0,0,0,0,0,0,0,0,0,0,0,1,0,1,0,1,0
"74","GCF_000144045.1",0,0,0,0,0,0,0,0,0,0,0,0,1,0,1,0,1,0
"75","GCF_000144065.1",0,0,0,0,0,0,0,0,0,0,0,0,1,0,1,0,1,0
"76","GCF_000144085.1",0,0,0,0,0,0,0,0,0,0,0,0,1,0,1,0,1,0
"77","GCF_000144105.1",0,0,0,0,0,0,0,0,0,0,0,0,1,0,1,0,1,0
"78","GCF_000144125.1",0,0,0,0,0,0,0,0,0,0,0,0,1,0,1,0,1,0
"79","GCF_000144145.1",0,0,0,0,0,0,0,0,0,0,0,0,1,0,1,0,1,0
"80","GCF_000144165.1",0,0,0,0,0,0,0,0,0,0,0,0,1,0,1,0,1,0
"81","GCF_000144185.1",0,0,0,0,0,0,0,0,0,0,0,0,1,0,1,0,1,0
"82","GCF_000144205.1",0,0,0,0,0,0,0,0,0,0,0,0,1,0,1,0,1,0
"83","GCF_000144245.1",0,0,0,0,0,0,0,0,0,0,0,0,1,0,1,0,1,0
"84","GCF_000144265.1",0,0,0,0,0,0,0,0,0,0,0,0,1,0,1,0,1,0
"85","GCF_000144305.1",0,0,0,0,0,0,0,0,0,0,0,0,1,0,1,0,1,0
"86","GCF_000144325.1",0,0,0,0,0,0,0,0,0,0,0,0,1,0,1,0,1,0
"87","GCF_000144345.1",0,0,0,0,0,0,0,0,0,0,0,0,1,0,1,0,1,0
"88","GCF_000144365.1",0,0,0,0,0,0,0,0,0,0,0,0,1,0,1,0,1,0
"89","GCF_000144385.1",0,0,0,0,0,0,0,0,0,0,0,0,1,0,1,0,1,0
"90","GCF_000144425.1",0,0,0,0,0,0,0,0,0,0,0,0,1,0,1,0,1,0
"91","GCF_000144445.1",0,0,0,0,0,0,0,0,0,0,0,0,1,0,1,0,1,0
"92","GCF_000144465.1",0,0,0,0,0,0,0,0,0,0,0,0,1,0,1,0,1,0
"93","GCF_000144505.1",0,0,0,0,0,0,0,0,0,0,0,0,1,0,1,0,1,0
"94","GCF_000144525.1",0,0,0,0,0,0,0,0,0,0,0,0,1,0,1,0,1,0
"95","GCF_000144545.1",0,0,0,0,0,0,0,0,0,0,0,0,1,0,1,0,1,0
"96","GCF_000144565.1",0,0,0,0,0,0,0,0,0,0,0,0,1,0,1,0,1,0
"97","GCF_000144585.1",0,0,0,0,0,0,0,0,0,0,0,0,1,0,1,0,1,0
"98","GCF_000144715.1",0,0,0,0,0,0,0,0,0,0,0,0,1,0,1,0,1,0
"99","GCF_000144735.1",0,0,0,0,0,0,0,0,0,0,0,0,1,0,1,0,1,0
"100","GCF_000144755.1",0,0,0,0,0,0,0,0,0,0,0,0,1,0,1,0,1,0
"101","GCF_000144775.1",0,0,0,0,0,0,0,0,0,0,0,0,1,0,1,0,1,0
"102","GCF_000144795.1",0,0,0,0,0,0,0,0,0,0,0,0,1,0,1,0,1,0
"103","GCF_000144855.1",0,0,0,0,0,0,0,0,0,0,0,0,1,0,1,0,1,0
"104","GCF_000144875.1",0,0,0,0,0,0,0,0,0,0,0,0,1,0,1,0,1,0
"105","GCF_000144895.1",0,0,0,0,0,0,0,0,0,0,0,0,1,0,1,0,1,0
"106","GCF_000145055.1",0,0,0,0,0,0,0,0,0,0,0,0,1,0,1,0,1,0
"107","GCF_000145075.1",0,0,0,0,0,0,0,0,0,0,0,0,1,0,1,0,1,0
"108","GCF_000145095.1",0,0,0,0,0,0,0,0,0,0,0,0,1,0,1,0,1,0
"109","GCF_000145115.1",0,0,0,0,0,0,0,0,0,0,0,0,1,0,1,0,1,0
"110","GCF_000145175.1",0,0,0,0,0,0,0,0,0,0,0,0,1,0,1,0,1,0
"111","GCF_000145195.1",0,0,0,0,0,0,0,0,0,0,0,0,1,0,1,0,1,0
"112","GCF_000145355.1",0,0,0,0,0,0,0,0,0,0,0,0,1,0,1,0,1,0
"113","GCF_000145455.1",0,0,0,0,0,0,0,0,0,0,0,0,1,0,1,0,1,0
"114","GCF_000145475.1",0,0,0,0,0,0,0,0,0,0,0,0,1,0,1,0,1,0
"115","GCF_000145495.1",0,0,0,0,0,0,0,0,0,0,0,0,1,0,1,0,1,0
"116","GCF_000145515.1",0,0,0,0,0,0,0,0,0,0,0,0,1,0,1,0,1,0
"117","GCF_000145535.1",0,0,0,0,0,0,0,0,0,0,0,0,1,0,1,0,1,0
"118","GCF_000145555.1",0,0,0,0,0,0,0,0,0,0,0,0,1,0,1,0,1,0
"119","GCF_000145575.1",0,0,0,0,0,0,0,0,0,0,0,0,1,0,1,0,1,0
"120","GCF_000147235.1",1,0,0,0,0,0,1,0,0,0,0,0,0,0,0,0,1,1
"121","GCF_000154085.1",1,0,0,0,0,0,0,0,0,0,0,0,0,0,1,0,1,0
"122","GCF_000157015.1",1,0,0,0,0,0,0,0,1,0,1,0,1,0,1,0,1,0
"123","GCF_000157075.2",1,0,0,0,0,0,0,0,0,0,0,0,1,0,1,0,1,0
"124","GCF_000158335.2",1,1,0,0,0,0,0,0,0,0,0,0,1,0,1,0,1,0
"125","GCF_000158375.2",1,0,0,1,0,0,1,0,1,0,1,0,0,0,0,0,1,0
"126","GCF_000159075.2",1,0,0,0,0,0,0,0,1,0,1,0,1,0,1,0,1,0
"127","GCF_000159875.2",1,0,0,0,0,0,0,0,1,0,1,0,1,0,1,0,1,0
"128","GCF_000160635.1",0,0,0,0,0,0,1,0,0,0,0,0,0,0,0,0,0,0
"129","GCF_000162135.1",1,0,0,0,0,0,0,0,1,0,1,0,1,0,1,0,1,0
"130","GCF_000162155.1",1,0,0,0,0,0,0,0,1,0,1,0,1,0,1,0,1,0
"131","GCF_000162215.1",1,0,0,0,0,0,0,0,0,0,0,0,1,0,1,0,1,0
"132","GCF_000162275.1",1,1,0,0,0,0,0,0,0,0,0,0,1,0,1,0,1,0
"133","GCF_000162415.1",0,0,0,0,0,0,1,0,0,0,0,0,1,0,1,0,1,0
"134","GCF_000162455.1",0,0,0,0,0,0,1,0,0,0,0,0,1,0,1,0,1,0
"135","GCF_000162915.1",0,0,0,0,0,0,0,0,0,0,0,0,1,0,1,0,1,0
"136","GCF_000162935.1",0,0,0,0,0,0,0,0,0,0,0,1,0,0,1,0,1,0
"137","GCF_000163035.1",0,0,0,0,0,0,0,0,0,0,0,0,1,0,1,0,1,0
"138","GCF_000163495.1",0,0,0,0,0,0,1,0,0,0,0,0,1,0,1,0,1,0
"139","GCF_000163715.1",0,0,0,0,0,0,1,0,0,0,0,0,0,0,0,0,1,1
"140","GCF_000174215.1",0,0,0,0,0,0,0,0,0,0,0,0,0,0,1,0,1,0
"141","GCF_000175315.3",0,1,0,0,0,0,0,0,0,0,0,0,0,0,1,0,1,0
"142","GCF_000176775.1",0,0,0,0,0,0,0,0,0,0,0,0,0,0,1,0,1,0
"143","GCF_000177055.1",0,0,0,0,0,0,1,0,0,0,0,0,1,0,1,0,1,0
"144","GCF_000177355.1",0,0,0,0,0,0,1,0,0,0,0,0,0,0,1,0,1,0
"145","GCF_000179335.1",1,0,0,0,0,0,1,0,0,0,0,0,0,0,0,0,1,0
"146","GCF_000183585.1",0,0,0,1,0,1,0,0,0,0,0,0,0,0,0,0,1,0
"147","GCF_000185585.1",1,0,0,0,0,0,0,0,0,0,0,0,1,0,1,0,1,0
"148","GCF_000185605.1",1,1,0,0,0,0,0,0,0,0,0,0,1,0,1,0,1,0
"149","GCF_000185665.1",1,0,0,0,0,0,0,0,0,0,0,0,0,0,1,0,1,0
"150","GCF_000189615.1",0,1,0,0,0,0,1,0,1,0,1,0,0,0,1,0,1,1
"151","GCF_000214475.1",0,0,0,0,0,0,1,0,0,0,0,0,0,0,0,0,1,0
"152","GCF_000218325.1",1,0,0,0,0,0,0,0,1,0,1,0,1,0,1,0,1,0
"153","GCF_000221125.1",0,0,0,0,0,0,0,0,0,0,0,0,1,0,1,0,1,0
"154","GCF_000233535.1",0,0,0,0,0,0,1,0,0,0,0,0,0,0,0,0,1,0
"155","GCF_000234055.1",0,0,0,0,0,0,1,0,0,0,0,0,1,0,1,0,1,0
"156","GCF_000234075.2",0,0,0,0,0,0,0,0,0,0,0,0,0,0,0,0,1,0
"157","GCF_000234135.1",0,0,0,0,0,0,1,0,0,0,0,0,0,0,0,0,1,0
"158","GCF_000242235.1",0,0,0,0,0,0,1,0,0,0,0,0,0,0,0,0,1,0
"159","GCF_000242995.2",0,0,0,0,0,0,0,0,1,0,0,0,0,0,0,0,1,0
"160","GCF_000244855.1",1,0,0,1,0,1,1,0,0,0,0,0,0,0,0,0,1,0
"161","GCF_000261205.1",1,0,0,0,0,0,0,0,0,0,0,0,0,0,1,0,1,0
"162","GCF_000261225.1",1,0,0,0,0,0,0,0,0,0,0,0,0,0,1,0,1,0
"163","GCF_000261245.1",1,0,0,0,0,0,0,0,0,0,0,0,0,0,1,0,1,0
"164","GCF_000261265.1",1,0,0,0,0,0,0,0,0,0,0,0,0,0,1,0,1,0
"165","GCF_000263115.1",1,1,0,0,0,0,0,0,1,0,1,0,1,0,1,0,1,0
"166","GCF_000269565.1",1,1,0,0,0,1,1,0,0,0,0,0,0,0,0,0,1,0
"167","GCF_000273015.1",0,1,0,0,0,0,0,0,0,0,0,0,1,0,1,0,1,0
"168","GCF_000273035.1",1,0,0,0,0,0,0,0,0,0,0,0,1,0,1,0,1,0
"169","GCF_000273055.1",1,0,0,0,0,0,0,0,0,0,0,0,1,0,1,0,1,0
"170","GCF_000273075.1",1,1,0,0,0,0,0,0,0,0,0,0,1,0,1,0,1,0
"171","GCF_000273115.1",1,0,0,0,0,0,0,0,1,0,1,0,1,0,1,0,1,0
"172","GCF_000273155.1",1,1,0,0,0,0,0,0,1,0,1,0,1,0,1,0,1,0
"173","GCF_000273235.1",1,1,0,0,0,0,0,0,1,0,1,0,1,0,1,0,1,0
"174","GCF_000273295.1",1,0,0,0,0,0,0,0,0,0,0,0,1,0,1,0,1,0
"175","GCF_000273605.1",0,0,0,0,0,0,0,0,0,0,0,0,0,0,0,0,1,0
"176","GCF_000273725.1",1,0,0,0,0,0,0,0,1,0,1,0,1,0,1,0,1,0
"177","GCF_000273765.1",1,0,0,0,0,0,0,0,1,0,1,0,1,0,1,0,1,0
"178","GCF_000277625.1",0,1,0,0,0,0,1,0,0,0,0,0,0,0,0,0,1,0
"179","GCF_000287675.1",0,0,0,0,0,0,1,0,0,0,0,0,0,0,1,0,1,0
"180","GCF_000294005.2",0,0,0,0,0,0,0,0,0,0,0,0,0,0,0,0,1,1
"181","GCF_000295055.2",1,0,0,0,0,0,1,0,0,0,0,0,0,0,0,0,1,1
"182","GCF_000295175.2",1,0,0,0,0,0,1,0,0,0,0,0,0,0,0,0,1,1
"183","GCF_000295235.2",1,0,0,0,0,0,1,0,0,0,0,0,0,0,0,0,1,1
"184","GCF_000295355.2",1,0,0,0,0,0,1,0,0,0,0,0,0,0,0,0,1,1
"185","GCF_000295415.2",1,0,0,0,0,0,1,0,0,0,0,0,0,0,0,0,1,1
"186","GCF_000295575.2",1,0,0,0,0,0,1,0,0,0,0,0,0,0,0,0,1,1
"187","GCF_000296385.1",1,0,0,0,0,0,1,0,0,0,0,0,0,0,1,0,1,0
"188","GCF_000297655.1",0,0,0,0,0,0,0,0,0,0,0,0,0,0,0,0,1,0
"189","GCF_000304195.1",0,0,0,0,0,0,0,0,1,0,1,0,1,0,1,0,1,0
"190","GCF_000307345.1",0,0,0,0,0,0,0,0,0,0,0,0,1,0,1,0,1,1
"191","GCF_000307375.1",0,0,0,0,0,0,0,0,1,0,0,0,1,0,1,0,1,0
"192","GCF_000307495.1",0,0,0,0,0,0,0,0,0,0,0,0,1,0,1,0,1,1
"193","GCF_000336235.1",0,0,0,0,0,0,1,0,0,0,0,0,0,0,1,0,1,0
"194","GCF_000338635.1",0,0,0,0,0,0,0,0,0,0,0,0,1,0,1,0,1,0
"195","GCF_000340725.1",0,0,0,0,0,0,0,0,0,0,0,0,1,0,1,0,1,0
"196","GCF_000411435.1",1,0,0,0,0,0,0,0,0,0,0,0,0,0,1,0,1,0
"197","GCF_000411515.1",0,0,0,0,0,0,0,0,0,0,0,0,0,0,1,0,1,0
"198","GCF_000413355.1",0,0,0,0,0,0,1,0,0,0,0,0,1,0,1,0,1,0
"199","GCF_000413395.1",1,0,0,0,0,0,0,0,0,0,0,0,1,0,1,0,1,0
"200","GCF_000414425.1",0,0,0,0,0,0,0,0,0,0,0,0,0,0,1,0,1,0
"201","GCF_000414445.1",0,0,0,0,0,0,0,0,0,0,0,0,0,0,1,0,1,0
"202","GCF_000414485.1",0,0,0,0,0,0,0,0,0,0,0,0,0,0,1,0,1,0
"203","GCF_000414505.1",0,0,0,0,0,0,0,0,0,0,0,0,0,0,1,0,1,0
"204","GCF_000414525.1",0,0,0,0,0,0,0,0,0,0,0,0,0,0,1,0,1,0
"205","GCF_000414565.1",0,0,0,0,0,0,0,0,0,0,0,0,0,0,1,0,1,0
"206","GCF_000414585.1",0,0,0,0,0,0,0,0,0,0,0,0,0,0,1,0,1,0
"207","GCF_000414605.1",0,0,0,0,0,0,0,0,0,0,0,0,0,0,1,0,1,0
"208","GCF_000414625.1",0,0,0,0,0,0,0,0,0,0,0,0,0,0,1,0,1,0
"209","GCF_000414645.1",0,0,0,0,0,0,0,0,0,0,0,0,0,0,1,0,1,0
"210","GCF_000414665.1",0,0,0,0,0,0,0,0,0,0,0,0,0,0,1,0,1,0
"211","GCF_000414685.1",0,0,0,0,0,0,0,0,0,0,0,0,0,0,1,0,1,0
"212","GCF_000414705.1",0,0,0,0,0,0,0,0,0,0,0,0,0,0,1,0,1,0
"213","GCF_000466465.2",0,1,0,0,0,0,1,0,0,0,0,0,0,0,1,0,1,1
"214","GCF_000466545.1",1,0,0,0,0,0,0,0,0,0,0,0,0,0,1,0,1,0
"215","GCF_000467855.2",0,0,0,0,0,0,0,0,0,0,0,0,0,0,1,0,1,0
"216","GCF_000478805.1",0,0,0,0,0,0,0,0,0,0,0,1,0,0,1,0,1,0
"217","GCF_000478945.1",0,0,0,0,0,0,1,0,0,0,0,0,0,0,0,0,1,0
"218","GCF_000507825.1",0,0,0,0,0,0,1,0,0,0,0,1,0,0,1,0,1,0
"219","GCF_000513015.1",1,0,0,0,0,0,0,0,0,0,0,0,0,0,1,0,1,0
"220","GCF_000517705.1",0,0,0,0,0,0,0,0,0,0,0,0,0,0,0,0,1,0
"221","GCF_000524395.1",0,0,0,0,0,0,0,0,0,0,0,0,0,0,0,0,1,0
"222","GCF_000759045.1",0,0,0,0,0,0,1,0,0,0,0,1,0,0,1,0,1,0
"223","GCF_000759145.1",0,0,0,0,0,0,1,0,0,0,0,0,0,0,0,0,1,0
"224","GCF_000759165.1",0,0,0,0,0,0,1,0,0,0,0,1,0,0,1,0,1,0
"225","GCF_000759205.1",0,0,0,0,0,0,0,0,0,0,0,0,1,0,1,0,1,0
"226","GCF_000759225.1",0,0,0,0,0,0,1,0,0,0,0,0,0,0,1,0,1,0
"227","GCF_000759285.1",0,0,0,0,0,0,0,0,0,0,0,0,0,0,0,0,1,0
"228","GCF_000760655.1",0,0,0,0,0,0,1,0,1,0,1,0,0,0,1,0,1,0
"229","GCF_000763055.1",1,1,0,0,0,1,1,0,0,0,0,0,0,0,0,0,1,0
