"0","# 读取OTUtab或各级profiling.tab"
"2","Warning messages:
"
"2","1: "
"2","In strsplit(x, ""\n"") :"
"2"," input string 1 is invalid in this locale
"
"2","2: "
"2","In strsplit(code, ""\n"", fixed = TRUE) :"
"2","
 "
"2"," input string 1 is invalid in this locale
"
"0","Data = read.table(opts$input, header=T, row.names= 1, sep=""\t"", comment.char="""") "
"0","# 读取 design.txt or mapping file，第三列信息随意，没有回报错"
"0","design = read.table(opts$design, header=T, row.names= 1, sep=""\t"", comment.char="""")"
"0","# 匹配design和Data的行名，用于进一步处理数据"
"0","index = rownames(design) %in% colnames(Data) "
"0","design = design[index,]"
"0","Data = Data[,rownames(design)] "
"0","Data_t = t(Data)"
"0","# 合并design和Data数据表"
"0","Data_t2 = merge(design, Data_t, by=""row.names"")"
"0","# 删除来自design的非分组信息"
"0","Data_t2 = Data_t2[,c(-1,-3)]"
