{"chunk_definitions":[{"chunk_id":"csetup_chunk","chunk_label":"setup","document_id":"6969D0B6","expansion_state":0,"options":{"engine":"r","include":false,"label":"setup"},"row":9,"row_count":1,"visible":true},{"chunk_id":"c7p0wceta5jy4","chunk_label":"cars","document_id":"6969D0B6","expansion_state":0,"options":{"engine":"r","label":"cars"},"row":16,"row_count":1,"visible":true},{"chunk_id":"cf4n2hj7d8xka","chunk_label":"unnamed-chunk-3","document_id":"6969D0B6","expansion_state":0,"options":{"engine":null},"row":70,"row_count":1,"visible":true}],"default_chunk_options":{"echo":true,"error":false},"doc_write_time":1592898698,"working_dir":null}