"0","site=""https://mirrors.tuna.tsinghua.edu.cn/CRAN"""
"2","Warning message:
"
"2","In strsplit(x, ""\n"") :"
"2"," input string 1 is invalid in this locale
"
"0","package_list = c(""VennDiagram"",""UpSetR"")"
"0","# 判断R包加载是否成功来决定是否安装后再加载"
"0","for(p in package_list){"
"0","  if(!suppressWarnings(suppressMessages(require(p, character.only = TRUE, quietly = TRUE, warn.conflicts = FALSE)))){"
"0","    install.packages(p, repos=site)"
"0","    suppressWarnings(suppressMessages(library(p, character.only = TRUE, quietly = TRUE, warn.conflicts = FALSE)))"
"0","  }"
"0","}"
