{"chunk_definitions":[{"chunk_id":"csetup_chunk","chunk_label":"setup","document_id":"6969D0B6","expansion_state":0,"options":{"engine":"r","include":false,"label":"setup"},"row":9,"row_count":1,"visible":true},{"chunk_id":"c7p0wceta5jy4","chunk_label":"cars","document_id":"6969D0B6","expansion_state":0,"options":{"engine":"r","label":"cars"},"row":28,"row_count":1,"visible":true},{"chunk_id":"c4ns51tjt3m33","chunk_label":"parameter","document_id":"6969D0B6","expansion_state":0,"options":{"engine":null},"row":56,"row_count":1,"visible":true},{"chunk_id":"cuj913a3dnlse","chunk_label":"unnamed-chunk-1","document_id":"6969D0B6","expansion_state":0,"options":{"engine":"r","label":"unnamed-chunk-3"},"row":71,"row_count":1,"visible":true},{"chunk_id":"ccnntdfm9o3gg","chunk_label":"unnamed-chunk-2","document_id":"6969D0B6","expansion_state":0,"options":{"engine":null},"row":90,"row_count":1,"visible":true},{"chunk_id":"cd162zenjf6xx","chunk_label":"unnamed-chunk-3","document_id":"6969D0B6","expansion_state":0,"options":{"engine":null},"row":109,"row_count":1,"visible":true},{"chunk_id":"c6mh9iy89zm9g","chunk_label":"unnamed-chunk-4","document_id":"6969D0B6","expansion_state":0,"options":{"engine":null},"row":141,"row_count":1,"visible":true},{"chunk_id":"cwpcalj2p87pg","chunk_label":"unnamed-chunk-5","document_id":"6969D0B6","expansion_state":0,"options":{"engine":null},"row":150,"row_count":1,"visible":true}],"default_chunk_options":{"echo":true,"error":false},"doc_write_time":1591968473,"working_dir":null}