"0","# 设置清华源加速下载"
"2","Warning messages:
"
"2","1: "
"2","In strsplit(x, ""\n"") :"
"2"," input string 1 is invalid in this locale
"
"2","2: "
"2","In strsplit(code, ""\n"", fixed = TRUE) :"
"2","
 "
"2"," input string 1 is invalid in this locale
"
"0","site=""https://mirrors.tuna.tsinghua.edu.cn/CRAN"""
"0","# 判断命令行解析是否安装，安装并加载"
"0","if (!suppressWarnings(suppressMessages(require(""optparse"", character.only = TRUE, quietly = TRUE, warn.conflicts = FALSE)))) {"
"0","  install.packages(""optparse"", repos=site)"
"0","  require(""optparse"",character.only=T) "
"0","}"
"0","# 解析命令行"
"0","if (TRUE){"
"0","  option_list = list("
"0","    make_option(c(""-i"", ""--input""), type=""character"", default=""genus.profile.txt"","
"0","                help=""Input table file to read; OTUtab或profiling tab文件 [default %default]""),"
"0","    make_option(c(""-d"", ""--design""), type=""character"", default=""design.txt"","
"0","                help=""design file; 实验设计文件 [default %default]""),"
"0","    make_option(c(""-n"", ""--group""), type=""character"", default=""group"","
"0","                help=""name of group type; 分组列名 [default %default]""))"
"0","  opts = parse_args(OptionParser(option_list=option_list))"
"0","  # 显示输入输出确认是否正确"
"0","  print(paste(""Data file is "", opts$input,  sep = """"))"
"0","  print(paste(""The design file is "", opts$design,  sep = """"))"
"0","  print(paste(""The group name is "", opts$group,  sep = """"))"
"0","}"
"1","[1]"
"1"," ""Data file is genus.profile.txt"""
"1","
"
"1","[1]"
"1"," ""The design file is design.txt"""
"1","
"
"1","[1]"
"1"," ""The group name is group"""
"1","
"
