"Source","Target","r_value","p_value","abs_value","linktype"
"OTU_14","pH",0.768284993470563,0.0154350040816285,0.768284993470563,1
"OTU_81","pH",0.788204068088778,0.0121502471116846,0.788204068088778,1
"OTU_13","pH",0.68712812796311,0.0404933426662232,0.68712812796311,1
"OTU_96","pH",0.909741203304281,0.00143258536956753,0.909741203304281,1
"OTU_191","pH",0.741733986976968,0.0219027848167803,0.741733986976968,1
"OTU_259","pH",0.681717670262613,0.0432587386727929,0.681717670262613,1
"OTU_166","pH",0.891868095184355,0.00264339935030936,0.891868095184355,1
"OTU_127","pH",0.699463327370304,0.0366172528885893,0.699463327370304,1
"OTU_226","pH",0.730047485547371,0.0259453111707964,0.730047485547371,1
"OTU_38","pH",0.778088290233269,0.0131524760045074,0.778088290233269,1
"OTU_292","pH",0.853309481216458,0.0056810892161773,0.853309481216458,1
"OTU_230","pH",0.898663715354163,0.00197197608255867,0.898663715354163,1
"OTU_914","pH",0.769628473128972,0.0150671202624993,0.769628473128972,1
"OTU_24","pH",0.805086941676918,0.0100558132712539,0.805086941676918,1
"OTU_287","pH",0.758532717495705,0.0174890729458473,0.758532717495705,1
"OTU_39","pH",0.78175313059034,0.0126671959558513,0.78175313059034,1
"OTU_493","pH",0.689176126441686,0.0395721157123259,0.689176126441686,1
"OTU_545","pH",0.78267290772318,0.0126671959558513,0.78267290772318,1
"OTU_486","pH",0.842710115775352,0.00602708683235383,0.842710115775352,1
"OTU_481","pH",0.727724681993365,0.0267650424502835,0.727724681993365,1
"OTU_192","pH",0.743272295960288,0.0216478897031978,0.743272295960288,1
"OTU_162","pH",0.779815154270019,0.013091085680171,0.779815154270019,1
"OTU_237","pH",0.692538585663606,0.0381734194140371,0.692538585663606,1
"OTU_93","pH",0.856887298747764,0.00512619699321285,0.856887298747764,1
"OTU_309","pH",0.691137251004613,0.038854748470777,0.691137251004613,1
"OTU_234","pH",0.845434414474567,0.0060020471772164,0.845434414474567,1
"OTU_179","pH",0.808232146513492,0.00965348792916039,0.808232146513492,1
"OTU_146","pH",0.85995345601408,0.00488655541116493,0.85995345601408,1
"OTU_160","pH",0.847942754919499,0.0060020471772164,0.847942754919499,1
"OTU_270","pH",0.697681845197598,0.0369648203659253,0.697681845197598,1
"OTU_445","pH",0.831244137752689,0.00674817825001886,0.831244137752689,1
"OTU_423","pH",0.765168761697033,0.0159464299240981,0.765168761697033,1
"OTU_53","pH",0.858174293403424,0.00495063253556001,0.858174293403424,1
"OTU_114","pH",0.723686731815223,0.0279281818568741,0.723686731815223,1
"OTU_618","pH",0.821296964851937,0.00817842401977277,0.821296964851937,1
"OTU_356","pH",0.704200459925122,0.0347514986551667,0.704200459925122,1
"OTU_701","pH",0.687656721392598,0.0403677182008229,0.687656721392598,1
"OTU_427","pH",0.832512927790458,0.00674817825001886,0.832512927790458,1
"OTU_544","pH",0.869431461173627,0.00420030276550194,0.869431461173627,1
"OTU_351","pH",-0.791659610119128,0.0117356737195831,0.791659610119128,-1
"OTU_902","pH",0.84283786746965,0.00602708683235383,0.84283786746965,1
"OTU_232","pH",0.704381889427778,0.0346938855371378,0.704381889427778,1
"OTU_366","pH",0.845307369582502,0.0060020471772164,0.845307369582502,1
"OTU_898","pH",0.720399605696006,0.0287279435421377,0.720399605696006,1
"OTU_1104","pH",0.668228810691952,0.0497942355778772,0.668228810691952,1
"OTU_818","pH",0.694416894884099,0.037914463340542,0.694416894884099,1
"OTU_52","pH",0.693202146690519,0.0381734194140371,0.693202146690519,1
"OTU_820","pH",0.736492090143907,0.0238294974969699,0.736492090143907,1
"OTU_961","pH",0.885412604382918,0.0028599808850406,0.885412604382918,1
"OTU_872","pH",-0.75760973441508,0.0177782182664163,0.75760973441508,-1
"OTU_214","pH",0.753138081016645,0.0186750235832748,0.753138081016645,1
"OTU_168","pH",0.754245162660917,0.0183970707299742,0.754245162660917,1
"OTU_761","pH",0.86573960783531,0.00449244712957382,0.86573960783531,1
"OTU_289","pH",0.808363154381827,0.00965348792916039,0.808363154381827,1
"OTU_987","pH",0.680223977584886,0.0438842128370482,0.680223977584886,1
"OTU_256","pH",0.698683244276471,0.0366658050595976,0.698683244276471,1
"OTU_335","pH",0.733600645590959,0.024897137678797,0.733600645590959,1
"OTU_628","pH",0.801796624176106,0.010488992855687,0.801796624176106,1
"OTU_454","pH",0.759248380058129,0.0173090560435849,0.759248380058129,1
"OTU_792","pH",0.708380622585252,0.0330728738092401,0.708380622585252,1
"OTU_339","pH",0.726296958855098,0.02727462534974,0.726296958855098,1
"OTU_148","pH",0.702413149113129,0.0354443129615443,0.702413149113129,1
"OTU_223","pH",0.669060717712947,0.049310089793257,0.669060717712947,1
"OTU_40","pH",0.676844578688475,0.0458723975534886,0.676844578688475,1
"OTU_824","pH",0.798707634582207,0.0106836853650831,0.798707634582207,1
"OTU_1052","pH",0.795044209390895,0.011069246218871,0.795044209390895,1
"OTU_1104","SOC",-0.803709753013243,0.0103357543378132,0.803709753013243,-1
"OTU_1108","SOC",-0.76974998382201,0.0150671202624993,0.76974998382201,-1
"OTU_110","F",-0.716850482732654,0.0297043974412577,0.716850482732654,-1
"OTU_3","Cl",0.707142857142857,0.0333785002437563,0.707142857142857,1
"OTU_5","Cl",-0.771428571428571,0.0146315199031022,0.771428571428571,-1
"OTU_8","Cl",0.75603247347291,0.0180374013610714,0.75603247347291,1
"OTU_12","Cl",0.674514696253446,0.0469324786131571,0.674514696253446,1
"OTU_28","Cl",0.708451034654666,0.0330728738092401,0.708451034654666,1
"OTU_109","Cl",-0.735714285714286,0.0241809925973159,0.735714285714286,-1
"OTU_101","Cl",0.676556406686517,0.0460350025056817,0.676556406686517,1
"OTU_69","Cl",0.799796259903286,0.0106314325899693,0.799796259903286,1
"OTU_21","Cl",0.724191812652287,0.0279180964920256,0.724191812652287,1
"OTU_249","Cl",-0.724509209375592,0.0279180964920256,0.724509209375592,-1
"OTU_533","Cl",-0.778176558218229,0.0131524760045074,0.778176558218229,-1
"OTU_84","Cl",0.798891592270155,0.0106836853650831,0.798891592270155,1
"OTU_728","Cl",-0.69300825646423,0.0381734194140371,0.69300825646423,-1
"OTU_625","Cl",-0.698066778025527,0.0367615990972491,0.698066778025527,-1
"OTU_131","Cl",0.74425042204413,0.0213938576970346,0.74425042204413,1
"OTU_532","Cl",-0.708136845678709,0.0331682574612119,0.708136845678709,-1
"OTU_480","Cl",-0.756687868683148,0.0179115989344894,0.756687868683148,-1
"OTU_443","PO4",0.775302773917951,0.013752445309745,0.775302773917951,1
"OTU_625","PO4",0.719491908157347,0.0289415992027875,0.719491908157347,1
"OTU_820","SO4",0.692549848559688,0.0381734194140371,0.692549848559688,1
"OTU_27","Cr",0.670841860532956,0.048781159736849,0.670841860532956,1
"OTU_57","Cr",0.826477172176602,0.00761917316085969,0.826477172176602,1
"OTU_81","Cr",0.692308800070011,0.0382300756072264,0.692308800070011,1
"OTU_96","Cr",0.722720297747505,0.0281270782772343,0.722720297747505,1
"OTU_193","Cr",0.778901169344601,0.0131133706432332,0.778901169344601,1
"OTU_191","Cr",0.781754381474405,0.0126671959558513,0.781754381474405,1
"OTU_259","Cr",0.73828639226406,0.0230160748552753,0.73828639226406,1
"OTU_166","Cr",0.767443088449702,0.0155759504772865,0.767443088449702,1
"OTU_38","Cr",0.688272625431327,0.0401636384429104,0.688272625431327,1
"OTU_241","Cr",0.720577640064669,0.0287279435421377,0.720577640064669,1
"OTU_230","Cr",0.669415841172935,0.049310089793257,0.669415841172935,1
"OTU_24","Cr",0.811228256163498,0.00936645980542911,0.811228256163498,1
"OTU_287","Cr",0.673856895322321,0.0472273905247619,0.673856895322321,1
"OTU_440","Cr",0.745498523912117,0.0209023029939841,0.745498523912117,1
"OTU_274","Cr",0.754532303096276,0.0183970707299742,0.754532303096276,1
"OTU_162","Cr",0.674819050505716,0.0467542833192744,0.674819050505716,1
"OTU_237","Cr",0.755434853698066,0.0182145929391856,0.755434853698066,1
"OTU_309","Cr",0.715949820788531,0.0299249685006846,0.715949820788531,1
"OTU_234","Cr",0.682680804425099,0.0427847126447462,0.682680804425099,1
"OTU_146","Cr",0.71726973224968,0.029608262497621,0.71726973224968,1
"OTU_445","Cr",0.746633440017132,0.0206787371427774,0.746633440017132,1
"OTU_53","Cr",0.707100502158223,0.0333785002437563,0.707100502158223,1
"OTU_235","Cr",0.779965469846317,0.0130887516757044,0.779965469846317,1
"OTU_618","Cr",0.831279275122697,0.00674817825001886,0.831279275122697,1
"OTU_356","Cr",0.695886623326186,0.0372660015224523,0.695886623326186,1
"OTU_701","Cr",0.724100515522273,0.0279180964920256,0.724100515522273,1
"OTU_544","Cr",0.693766284334573,0.038151859965615,0.693766284334573,1
"OTU_902","Cr",0.768920674018167,0.0152384297691044,0.768920674018167,1
"OTU_366","Cr",0.884110200239187,0.0028599808850406,0.884110200239187,1
"OTU_1104","Cr",0.731663001144498,0.025534094360501,0.731663001144498,1
"OTU_905","Cr",0.88249750329277,0.0028599808850406,0.88249750329277,1
"OTU_961","Cr",0.762570978497028,0.0165335879279996,0.762570978497028,1
"OTU_761","Cr",0.734413044002644,0.0245787184802877,0.734413044002644,1
"OTU_987","Cr",0.693766284334573,0.038151859965615,0.693766284334573,1
"OTU_256","Cr",0.713165874176152,0.0311057477288851,0.713165874176152,1
"OTU_335","Cr",0.741807907300327,0.0219027848167803,0.741807907300327,1
"OTU_454","Cr",0.718443480244755,0.029265283399437,0.718443480244755,1
"OTU_339","Cr",0.694718273030544,0.037765744497837,0.694718273030544,1
"OTU_824","Cr",0.68979339134504,0.0393158604646954,0.68979339134504,1
"OTU_1052","Cr",0.70524373126388,0.0341837624383638,0.70524373126388,1
"OTU_2","Cu",0.699464446582362,0.0366172528885893,0.699464446582362,1
"OTU_20","Cu",-0.781947440012306,0.0126671959558513,0.781947440012306,-1
"OTU_22","Cu",0.83787184030687,0.00628082928284697,0.83787184030687,1
"OTU_23","Cu",-0.848367780597815,0.0060020471772164,0.848367780597815,-1
"OTU_43","Cu",-0.796495299361372,0.0106836853650831,0.796495299361372,-1
"OTU_35","Cu",-0.813157112614726,0.00934822231679692,0.813157112614726,-1
"OTU_26","Cu",-0.796428571428571,0.0106836853650831,0.796428571428571,-1
"OTU_59","Cu",-0.811043158710438,0.00936645980542911,0.811043158710438,-1
"OTU_119","Cu",0.721112613508143,0.0287249196182853,0.721112613508143,1
"OTU_49","Cu",-0.814680123547705,0.00934822231679692,0.814680123547705,-1
"OTU_13","Cu",0.686514346574016,0.0408750285949328,0.686514346574016,1
"OTU_58","Cu",-0.780211842694354,0.0130887516757044,0.780211842694354,-1
"OTU_90","Cu",-0.785584404849572,0.0126671959558513,0.785584404849572,-1
"OTU_32","Cu",0.740482065476818,0.0221901794399032,0.740482065476818,1
"OTU_47","Cu",-0.832142857142857,0.00674817825001886,0.832142857142857,-1
"OTU_105","Cu",-0.775,0.0138111849974433,0.775,-1
"OTU_56","Cu",-0.871428571428571,0.00418856251829946,0.871428571428571,-1
"OTU_367","Cu",-0.746428571428571,0.0206787371427774,0.746428571428571,-1
"OTU_63","Cu",-0.766290955697287,0.0156611733534467,0.766290955697287,-1
"OTU_138","Cu",-0.714924324797078,0.0303081119910627,0.714924324797078,-1
"OTU_41","Cu",0.891056385130302,0.00264339935030936,0.891056385130302,1
"OTU_88","Cu",-0.872901371622107,0.00403076562539074,0.872901371622107,-1
"OTU_64","Cu",-0.762076353565438,0.016633029053007,0.762076353565438,-1
"OTU_122","Cu",-0.71671163560907,0.0297043974412577,0.71671163560907,-1
"OTU_360","Cu",-0.718582141524299,0.0292426092484028,0.718582141524299,-1
"OTU_334","Cu",-0.801179950433796,0.010488992855687,0.801179950433796,-1
"OTU_113","Cu",-0.840990669462182,0.00602708683235383,0.840990669462182,-1
"OTU_422","Cu",-0.863804831692848,0.00463075939811222,0.863804831692848,-1
"OTU_130","Cu",-0.671317113342619,0.0485935976297566,0.671317113342619,-1
"OTU_301","Cu",-0.803025987185947,0.0103914493873307,0.803025987185947,-1
"OTU_71","Cu",0.687523872771158,0.0403677182008229,0.687523872771158,1
"OTU_121","Cu",-0.813226419456676,0.00934822231679692,0.813226419456676,-1
"OTU_144","Cu",-0.689285714285714,0.0395557406830125,0.689285714285714,-1
"OTU_204","Cu",-0.729222811293019,0.0262847727721747,0.729222811293019,-1
"OTU_354","Cu",-0.901967279642102,0.00171737142475778,0.901967279642102,-1
"OTU_359","Cu",-0.817362974995294,0.00908515896607563,0.817362974995294,-1
"OTU_267","Cu",-0.724018987559981,0.0279180964920256,0.724018987559981,-1
"OTU_302","Cu",-0.730334002427684,0.0258464882946605,0.730334002427684,-1
"OTU_199","Cu",-0.761083427323407,0.0169921091282259,0.761083427323407,-1
"OTU_198","Cu",-0.789221369686839,0.0120560927729274,0.789221369686839,-1
"OTU_247","Cu",-0.845484832485434,0.0060020471772164,0.845484832485434,-1
"OTU_92","Cu",-0.83092112860896,0.00674817825001886,0.83092112860896,-1
"OTU_155","Cu",-0.843610703260552,0.00602708683235383,0.843610703260552,-1
"OTU_236","Cu",-0.847038658973673,0.0060020471772164,0.847038658973673,-1
"OTU_87","Cu",-0.858323701594903,0.00495063253556001,0.858323701594903,-1
"OTU_376","Cu",-0.763445764110276,0.0163835600950014,0.763445764110276,-1
"OTU_188","Cu",-0.796728002648383,0.0106836853650831,0.796728002648383,-1
"OTU_262","Cu",-0.791023092246701,0.0118937485422381,0.791023092246701,-1
"OTU_100","Cu",0.728087032631768,0.0266206573846078,0.728087032631768,1
"OTU_125","Cu",-0.839509426449463,0.00607823779885163,0.839509426449463,-1
"OTU_416","Cu",-0.711891224588601,0.031489156078032,0.711891224588601,-1
"OTU_351","Cu",-0.797331104179804,0.0106836853650831,0.797331104179804,-1
"OTU_322","Cu",-0.779032135483228,0.0131133706432332,0.779032135483228,-1
"OTU_79","Cu",0.734100171110517,0.0246873003274731,0.734100171110517,1
"OTU_290","Cu",0.814680123547705,0.00934822231679692,0.814680123547705,1
"OTU_83","Cu",0.801801783725941,0.010488992855687,0.801801783725941,1
"OTU_311","Cu",-0.711740595529492,0.031489156078032,0.711740595529492,-1
"OTU_129","Cu",-0.882530019887195,0.0028599808850406,0.882530019887195,-1
"OTU_872","Cu",-0.793078671624179,0.0113765370276996,0.793078671624179,-1
"OTU_426","Cu",-0.847944111713656,0.0060020471772164,0.847944111713656,-1
"OTU_408","Cu",-0.810770483767618,0.00936645980542911,0.810770483767618,-1
"OTU_228","Cu",-0.707142857142857,0.0333785002437563,0.707142857142857,-1
"OTU_532","Cu",-0.697325596126363,0.0370212106312174,0.697325596126363,-1
"OTU_635","Cu",-0.669201530057043,0.049310089793257,0.669201530057043,-1
"OTU_321","Cu",-0.800760762397139,0.0105170748419948,0.800760762397139,-1
"OTU_799","Cu",-0.783040182517884,0.0126671959558513,0.783040182517884,-1
"OTU_316","Cu",-0.798249929541906,0.0106836853650831,0.798249929541906,-1
"OTU_403","Cu",-0.840917865872082,0.00602708683235383,0.840917865872082,-1
"OTU_993","Cu",0.774290228835755,0.0138551558081477,0.774290228835755,1
"OTU_472","Cu",-0.862866491327656,0.00471285379498674,0.862866491327656,-1
"OTU_20","Cd",-0.720119037778775,0.0287279435421377,0.720119037778775,-1
"OTU_22","Cd",0.832466215530696,0.00674817825001886,0.832466215530696,1
"OTU_23","Cd",-0.774596669241483,0.0138111849974433,0.774596669241483,-1
"OTU_43","Cd",-0.716482072941508,0.0297232298381414,0.716482072941508,-1
"OTU_35","Cd",-0.775510949993674,0.0137266543056931,0.775510949993674,-1
"OTU_26","Cd",-0.732142857142857,0.0253924757472812,0.732142857142857,-1
"OTU_59","Cd",-0.771036545500506,0.0146315199031022,0.771036545500506,-1
"OTU_119","Cd",0.754309613618492,0.0183970707299742,0.754309613618492,1
"OTU_49","Cd",-0.771036545500506,0.0146315199031022,0.771036545500506,-1
"OTU_13","Cd",0.753183718813487,0.0186750235832748,0.753183718813487,1
"OTU_58","Cd",-0.679306846872451,0.0444030168800214,0.679306846872451,-1
"OTU_90","Cd",-0.716482072941508,0.0297232298381414,0.716482072941508,-1
"OTU_47","Cd",-0.728571428571428,0.0264082198016755,0.728571428571428,-1
"OTU_105","Cd",-0.678571428571428,0.0448410112993754,0.678571428571428,-1
"OTU_56","Cd",-0.792857142857143,0.0113940449799752,0.792857142857143,-1
"OTU_367","Cd",-0.696428571428571,0.0372646471980322,0.696428571428571,-1
"OTU_63","Cd",-0.740808596125406,0.0221901794399032,0.740808596125406,-1
"OTU_138","Cd",-0.682752730181209,0.0427847126447462,0.682752730181209,-1
"OTU_41","Cd",0.781947440012306,0.0126671959558513,0.781947440012306,1
"OTU_88","Cd",-0.807974823319636,0.00966875514349233,0.807974823319636,-1
"OTU_64","Cd",-0.683364241929571,0.0424613543804857,0.683364241929571,-1
"OTU_360","Cd",-0.699213350647633,0.0366172528885893,0.699213350647633,-1
"OTU_334","Cd",-0.749490921373551,0.0198974736450863,0.749490921373551,-1
"OTU_113","Cd",-0.759842446970217,0.0171973321702058,0.759842446970217,-1
"OTU_422","Cd",-0.741940249628297,0.0219027848167803,0.741940249628297,-1
"OTU_301","Cd",-0.719954333339125,0.0287279435421377,0.719954333339125,-1
"OTU_121","Cd",-0.688114662617187,0.0402139371506007,0.688114662617187,-1
"OTU_354","Cd",-0.836501912571304,0.00651535132496272,0.836501912571304,-1
"OTU_359","Cd",-0.778625393241962,0.0131297098259784,0.778625393241962,-1
"OTU_198","Cd",-0.720119037778775,0.0287279435421377,0.720119037778775,-1
"OTU_247","Cd",-0.823332391459615,0.0080251978133419,0.823332391459615,-1
"OTU_92","Cd",-0.83092112860896,0.00674817825001886,0.83092112860896,-1
"OTU_155","Cd",-0.7828421356528,0.0126671959558513,0.7828421356528,-1
"OTU_236","Cd",-0.831980193925252,0.00674817825001886,0.831980193925252,-1
"OTU_87","Cd",-0.854686736757637,0.00551673545969895,0.854686736757637,-1
"OTU_376","Cd",-0.677423706182358,0.0455723977477942,0.677423706182358,-1
"OTU_188","Cd",-0.730334002427684,0.0258464882946605,0.730334002427684,-1
"OTU_262","Cd",-0.700929345977145,0.0359417921810633,0.700929345977145,-1
"OTU_125","Cd",-0.798098647566305,0.0106836853650831,0.798098647566305,-1
"OTU_351","Cd",-0.793078671624179,0.0113765370276996,0.793078671624179,-1
"OTU_322","Cd",-0.669822023032308,0.049310089793257,0.669822023032308,-1
"OTU_290","Cd",0.741940826802374,0.0219027848167803,0.741940826802374,1
"OTU_83","Cd",0.742608363450871,0.0219027848167803,0.742608363450871,1
"OTU_898","Cd",0.748018778611442,0.0201482294510659,0.748018778611442,1
"OTU_741","Cd",0.693007749061827,0.0381734194140371,0.693007749061827,1
"OTU_129","Cd",-0.842743830466051,0.00602708683235383,0.842743830466051,-1
"OTU_872","Cd",-0.80158353673543,0.010488992855687,0.80158353673543,-1
"OTU_214","Cd",0.732178280211592,0.0253924757472812,0.732178280211592,1
"OTU_168","Cd",0.771428571428571,0.0146315199031022,0.771428571428571,1
"OTU_537","Cd",0.672630772161044,0.0478541460406478,0.672630772161044,1
"OTU_426","Cd",-0.801432409383371,0.010488992855687,0.801432409383371,-1
"OTU_408","Cd",-0.803595523734276,0.0103357543378132,0.803595523734276,-1
"OTU_635","Cd",-0.723756002616041,0.0279281818568741,0.723756002616041,-1
"OTU_321","Cd",-0.717799061788427,0.0295309109203788,0.717799061788427,-1
"OTU_799","Cd",-0.760452484945253,0.0170984441283921,0.760452484945253,-1
"OTU_316","Cd",-0.709555492926138,0.0324616325314486,0.709555492926138,-1
"OTU_403","Cd",-0.797233820891714,0.0106836853650831,0.797233820891714,-1
"OTU_993","Cd",0.783399525645587,0.0126671959558513,0.783399525645587,1
"OTU_472","Cd",-0.783439450284943,0.0126671959558513,0.783439450284943,-1
"OTU_20","Pb",-0.683749389406109,0.0423649297644049,0.683749389406109,-1
"OTU_22","Pb",0.810843716426003,0.00936645980542911,0.810843716426003,1
"OTU_23","Pb",-0.776440947025392,0.0134422497376546,0.776440947025392,-1
"OTU_43","Pb",-0.67283849489431,0.0478206046353982,0.67283849489431,-1
"OTU_35","Pb",-0.798098647566305,0.0106836853650831,0.798098647566305,-1
"OTU_26","Pb",-0.707142857142857,0.0333785002437563,0.707142857142857,-1
"OTU_59","Pb",-0.752851721314174,0.0187494032917069,0.752851721314174,-1
"OTU_119","Pb",0.781973780377116,0.0126671959558513,0.781973780377116,1
"OTU_49","Pb",-0.75648868615144,0.0179450506634978,0.75648868615144,-1
"OTU_13","Pb",0.697325596126363,0.0370212106312174,0.697325596126363,1
"OTU_90","Pb",-0.705571178429709,0.0340304061104695,0.705571178429709,-1
"OTU_47","Pb",-0.685714285714286,0.0411532504697511,0.685714285714286,-1
"OTU_56","Pb",-0.753571428571428,0.0186411726211206,0.753571428571428,-1
"OTU_367","Pb",-0.671428571428571,0.0485935976297566,0.671428571428571,-1
"OTU_63","Pb",-0.698944719685886,0.0366172528885893,0.698944719685886,-1
"OTU_41","Pb",0.771036545500506,0.0146315199031022,0.771036545500506,1
"OTU_88","Pb",-0.78813615578277,0.0121502471116846,0.78813615578277,-1
"OTU_360","Pb",-0.687592076121633,0.0403677182008229,0.687592076121633,-1
"OTU_334","Pb",-0.701493965817609,0.0357885625533625,0.701493965817609,-1
"OTU_113","Pb",-0.765375280321942,0.0159152675564089,0.765375280321942,-1
"OTU_422","Pb",-0.720434735146317,0.0287279435421377,0.720434735146317,-1
"OTU_301","Pb",-0.695955855561154,0.0372660015224523,0.695955855561154,-1
"OTU_121","Pb",-0.691689284241173,0.0385852754539455,0.691689284241173,-1
"OTU_354","Pb",-0.807406193873172,0.00971656558079941,0.807406193873172,-1
"OTU_359","Pb",-0.828984249521293,0.0070931590729028,0.828984249521293,-1
"OTU_198","Pb",-0.701934213592442,0.0356413755931301,0.701934213592442,-1
"OTU_270","Pb",0.672711181022822,0.0478541460406478,0.672711181022822,1
"OTU_247","Pb",-0.849176905989737,0.0060020471772164,0.849176905989737,-1
"OTU_92","Pb",-0.817362974995294,0.00908515896607563,0.817362974995294,-1
"OTU_155","Pb",-0.798927932960734,0.0106836853650831,0.798927932960734,-1
"OTU_236","Pb",-0.869626356546304,0.00420030276550194,0.869626356546304,-1
"OTU_87","Pb",-0.832864947734037,0.00674817825001886,0.832864947734037,-1
"OTU_376","Pb",-0.684592211009684,0.041860303590367,0.684592211009684,-1
"OTU_188","Pb",-0.724801169075959,0.0279180964920256,0.724801169075959,-1
"OTU_262","Pb",-0.700929345977145,0.0359417921810633,0.700929345977145,-1
"OTU_125","Pb",-0.824450961401042,0.00780746494328451,0.824450961401042,-1
"OTU_351","Pb",-0.805835969291055,0.0098869039262682,0.805835969291055,-1
"OTU_322","Pb",-0.675282528654854,0.0465518283567921,0.675282528654854,-1
"OTU_290","Pb",0.723756002616041,0.0279281818568741,0.723756002616041,1
"OTU_83","Pb",0.721083483350846,0.0287249196182853,0.721083483350846,1
"OTU_348","Pb",0.677423706182358,0.0455723977477942,0.677423706182358,1
"OTU_898","Pb",0.740482065476818,0.0221901794399032,0.740482065476818,1
"OTU_741","Pb",0.680920404601446,0.0435437694311862,0.680920404601446,1
"OTU_129","Pb",-0.813808419977946,0.00934822231679692,0.813808419977946,-1
"OTU_872","Pb",-0.784573806512927,0.0126671959558513,0.784573806512927,-1
"OTU_214","Pb",0.686071335613885,0.0410165319860959,0.686071335613885,1
"OTU_168","Pb",0.782142857142857,0.0126671959558513,0.782142857142857,1
"OTU_537","Pb",0.711986827978977,0.031489156078032,0.711986827978977,1
"OTU_426","Pb",-0.779965469846317,0.0130887516757044,0.779965469846317,-1
"OTU_408","Pb",-0.722877223359181,0.0281270782772343,0.722877223359181,-1
"OTU_321","Pb",-0.669104150561574,0.049310089793257,0.669104150561574,-1
"OTU_799","Pb",-0.749158636158937,0.0198974736450863,0.749158636158937,-1
"OTU_316","Pb",-0.681838481483711,0.0432316123340566,0.681838481483711,-1
"OTU_403","Pb",-0.779032135483228,0.0131133706432332,0.779032135483228,-1
"OTU_993","Pb",0.723278166700693,0.0280913837939113,0.723278166700693,1
"OTU_472","Pb",-0.743725929763586,0.0215377915489846,0.743725929763586,-1
"OTU_20","Zn",-0.689854535808484,0.0393158604646954,0.689854535808484,-1
"OTU_22","Zn",0.826413607475894,0.00761917316085969,0.826413607475894,1
"OTU_23","Zn",-0.744061795000277,0.0214297925912443,0.744061795000277,-1
"OTU_43","Zn",-0.689854535808484,0.0393158604646954,0.689854535808484,-1
"OTU_35","Zn",-0.763183023299551,0.0164240729884076,0.763183023299551,-1
"OTU_26","Zn",-0.695344968250674,0.0374468090660506,0.695344968250674,-1
"OTU_59","Zn",-0.759204991789232,0.0173090560435849,0.759204991789232,-1
"OTU_119","Zn",0.731105495087337,0.0257208881047136,0.731105495087337,1
"OTU_49","Zn",-0.740954871794298,0.0221901794399032,0.740954871794298,-1
"OTU_13","Zn",0.748654777888447,0.0199068343179366,0.748654777888447,1
"OTU_296","Zn",0.675278204906864,0.0465518283567921,0.675278204906864,1
"OTU_90","Zn",-0.711754679802405,0.031489156078032,0.711754679802405,-1
"OTU_47","Zn",-0.695344968250674,0.0374468090660506,0.695344968250674,-1
"OTU_56","Zn",-0.77778277376493,0.0131625401954702,0.77778277376493,-1
"OTU_63","Zn",-0.71606803700259,0.0299132758165827,0.71606803700259,-1
"OTU_41","Zn",0.759204991789232,0.0173090560435849,0.759204991789232,1
"OTU_88","Zn",-0.778296159740563,0.0131524760045074,0.778296159740563,-1
"OTU_360","Zn",-0.730881506011581,0.0257843792793687,0.730881506011581,-1
"OTU_334","Zn",-0.724392121231156,0.0279180964920256,0.724392121231156,-1
"OTU_113","Zn",-0.718149195174396,0.0293811347717303,0.718149195174396,-1
"OTU_422","Zn",-0.723021582733813,0.0281270782772343,0.723021582733813,-1
"OTU_301","Zn",-0.676222824167192,0.0461667590080219,0.676222824167192,-1
"OTU_354","Zn",-0.813955351774032,0.00934822231679692,0.813955351774032,-1
"OTU_359","Zn",-0.767814348070677,0.0155682188234514,0.767814348070677,-1
"OTU_198","Zn",-0.686204511809498,0.040981797795921,0.686204511809498,-1
"OTU_247","Zn",-0.809614723728939,0.0094927924430831,0.809614723728939,-1
"OTU_92","Zn",-0.8377923646037,0.00628082928284697,0.8377923646037,-1
"OTU_155","Zn",-0.782065611053204,0.0126671959558513,0.782065611053204,-1
"OTU_236","Zn",-0.816076896201501,0.00917689212388118,0.816076896201501,-1
"OTU_87","Zn",-0.821255399772005,0.00817842401977277,0.821255399772005,-1
"OTU_376","Zn",-0.669064748201439,0.049310089793257,0.669064748201439,-1
"OTU_188","Zn",-0.707043795249019,0.0333785002437563,0.707043795249019,-1
"OTU_262","Zn",-0.683554362419886,0.042447386293556,0.683554362419886,-1
"OTU_125","Zn",-0.785851825971815,0.0126671959558513,0.785851825971815,-1
"OTU_351","Zn",-0.800194061700674,0.01062305833783,0.800194061700674,-1
"OTU_290","Zn",0.711754679802405,0.031489156078032,0.711754679802405,1
"OTU_83","Zn",0.750675371591152,0.0195707321834005,0.750675371591152,1
"OTU_898","Zn",0.758268446585265,0.0175490698385465,0.758268446585265,1
"OTU_741","Zn",0.71571402555997,0.0300078951732565,0.71571402555997,1
"OTU_129","Zn",-0.809470715156562,0.0094927924430831,0.809470715156562,-1
"OTU_566","Zn",0.675278204906864,0.0465518283567921,0.675278204906864,1
"OTU_872","Zn",-0.808729465025481,0.00962914721417215,0.808729465025481,-1
"OTU_214","Zn",0.734807295062462,0.0245073741111571,0.734807295062462,1
"OTU_168","Zn",0.774198521351266,0.0138551558081477,0.774198521351266,1
"OTU_426","Zn",-0.779175402944137,0.0131133706432332,0.779175402944137,-1
"OTU_408","Zn",-0.783078625041129,0.0126671959558513,0.783078625041129,-1
"OTU_635","Zn",-0.711754679802405,0.031489156078032,0.711754679802405,-1
"OTU_321","Zn",-0.680556642005701,0.0436930240080766,0.680556642005701,-1
"OTU_223","Zn",0.683453237410072,0.0424589200935466,0.683453237410072,1
"OTU_799","Zn",-0.744292354405998,0.0213938576970346,0.744292354405998,-1
"OTU_403","Zn",-0.781829387339563,0.0126671959558513,0.781829387339563,-1
"OTU_993","Zn",0.778898855110859,0.0131133706432332,0.778898855110859,1
"OTU_472","Zn",-0.77719431853921,0.0133212221935805,0.77719431853921,-1
"OTU_2","As",0.669052948904868,0.049310089793257,0.669052948904868,1
"OTU_20","As",-0.781947440012306,0.0126671959558513,0.781947440012306,-1
"OTU_22","As",0.848683089859216,0.0060020471772164,0.848683089859216,1
"OTU_23","As",-0.848367780597815,0.0060020471772164,0.848367780597815,-1
"OTU_43","As",-0.796495299361372,0.0106836853650831,0.796495299361372,-1
"OTU_35","As",-0.813157112614726,0.00934822231679692,0.813157112614726,-1
"OTU_26","As",-0.785714285714286,0.0126671959558513,0.785714285714286,-1
"OTU_59","As",-0.811043158710438,0.00936645980542911,0.811043158710438,-1
"OTU_119","As",0.763531002538034,0.0163835600950014,0.763531002538034,1
"OTU_49","As",-0.814680123547705,0.00934822231679692,0.814680123547705,-1
"OTU_13","As",0.715344345380274,0.030112491327888,0.715344345380274,1
"OTU_58","As",-0.767598718216616,0.0155759504772865,0.767598718216616,-1
"OTU_90","As",-0.774673510337773,0.0138111849974433,0.774673510337773,-1
"OTU_32","As",0.73482953062585,0.0245073741111571,0.73482953062585,1
"OTU_47","As",-0.825,0.00778436700200685,0.825,-1
"OTU_105","As",-0.760714285714286,0.0170413128731,0.760714285714286,-1
"OTU_56","As",-0.860714285714286,0.00483301677878421,0.860714285714286,-1
"OTU_367","As",-0.739285714285714,0.0226780056330169,0.739285714285714,-1
"OTU_63","As",-0.766290955697287,0.0156611733534467,0.766290955697287,-1
"OTU_138","As",-0.705987770737114,0.0338817468607283,0.705987770737114,-1
"OTU_41","As",0.887419420293035,0.00276293091418811,0.887419420293035,1
"OTU_88","As",-0.872901371622107,0.00403076562539074,0.872901371622107,-1
"OTU_64","As",-0.740609414028384,0.0221901794399032,0.740609414028384,-1
"OTU_122","As",-0.68990197342918,0.0393158604646954,0.68990197342918,-1
"OTU_360","As",-0.701150229735299,0.0359192047887328,0.701150229735299,-1
"OTU_334","As",-0.801179950433796,0.010488992855687,0.801179950433796,-1
"OTU_113","As",-0.840990669462182,0.00602708683235383,0.840990669462182,-1
"OTU_422","As",-0.853052074451858,0.0056810892161773,0.853052074451858,-1
"OTU_130","As",-0.671317113342619,0.0485935976297566,0.671317113342619,-1
"OTU_301","As",-0.803025987185947,0.0103914493873307,0.803025987185947,-1
"OTU_121","As",-0.804289865396713,0.0102420699063905,0.804289865396713,-1
"OTU_144","As",-0.682142857142857,0.0430642307706741,0.682142857142857,-1
"OTU_204","As",-0.71671163560907,0.0297043974412577,0.71671163560907,-1
"OTU_354","As",-0.901967279642102,0.00171737142475778,0.901967279642102,-1
"OTU_359","As",-0.817362974995294,0.00908515896607563,0.817362974995294,-1
"OTU_267","As",-0.698929220664338,0.0366172528885893,0.698929220664338,-1
"OTU_302","As",-0.730334002427684,0.0258464882946605,0.730334002427684,-1
"OTU_199","As",-0.752065851170286,0.0189942575198733,0.752065851170286,-1
"OTU_198","As",-0.789221369686839,0.0120560927729274,0.789221369686839,-1
"OTU_247","As",-0.845484832485434,0.0060020471772164,0.845484832485434,-1
"OTU_92","As",-0.83092112860896,0.00674817825001886,0.83092112860896,-1
"OTU_155","As",-0.825737595140625,0.00769655954542728,0.825737595140625,-1
"OTU_236","As",-0.847038658973673,0.0060020471772164,0.847038658973673,-1
"OTU_87","As",-0.858323701594903,0.00495063253556001,0.858323701594903,-1
"OTU_376","As",-0.75627725928295,0.0179839314007048,0.75627725928295,-1
"OTU_188","As",-0.796728002648383,0.0106836853650831,0.796728002648383,-1
"OTU_262","As",-0.782013717619745,0.0126671959558513,0.782013717619745,-1
"OTU_100","As",0.720931386119417,0.0287279435421377,0.720931386119417,1
"OTU_125","As",-0.839509426449463,0.00607823779885163,0.839509426449463,-1
"OTU_416","As",-0.711891224588601,0.031489156078032,0.711891224588601,-1
"OTU_351","As",-0.797331104179804,0.0106836853650831,0.797331104179804,-1
"OTU_322","As",-0.766290955697287,0.0156611733534467,0.766290955697287,-1
"OTU_79","As",0.749158636158937,0.0198974736450863,0.749158636158937,1
"OTU_290","As",0.825591018059504,0.00769655954542728,0.825591018059504,1
"OTU_83","As",0.780276903625916,0.0130887516757044,0.780276903625916,1
"OTU_311","As",-0.699127471051754,0.0366172528885893,0.699127471051754,-1
"OTU_129","As",-0.882530019887195,0.0028599808850406,0.882530019887195,-1
"OTU_872","As",-0.793078671624179,0.0113765370276996,0.793078671624179,-1
"OTU_168","As",0.671428571428571,0.0485935976297566,0.671428571428571,1
"OTU_426","As",-0.840788465201305,0.00602708683235383,0.840788465201305,-1
"OTU_408","As",-0.810770483767618,0.00936645980542911,0.810770483767618,-1
"OTU_228","As",-0.682142857142857,0.0430642307706741,0.682142857142857,-1
"OTU_532","As",-0.681108721797842,0.0435297589350108,0.681108721797842,-1
"OTU_635","As",-0.669201530057043,0.049310089793257,0.669201530057043,-1
"OTU_321","As",-0.789939671013394,0.0120560927729274,0.789939671013394,-1
"OTU_799","As",-0.783040182517884,0.0126671959558513,0.783040182517884,-1
"OTU_316","As",-0.798249929541906,0.0106836853650831,0.798249929541906,-1
"OTU_403","As",-0.840917865872082,0.00602708683235383,0.840917865872082,-1
"OTU_993","As",0.777933947559688,0.0131579937541431,0.777933947559688,1
"OTU_472","As",-0.852035531185468,0.00581437118073544,0.852035531185468,-1
"OTU_1","Sb",0.689285714285714,0.0395557406830125,0.689285714285714,1
"OTU_2","Sb",0.754920707053087,0.0183639058770932,0.754920707053087,1
"OTU_8","Sb",0.707775081549107,0.0333407277532374,0.707775081549107,1
"OTU_20","Sb",-0.86196066643217,0.00479084707572002,0.86196066643217,-1
"OTU_22","Sb",0.796428717022874,0.0106836853650831,0.796428717022874,1
"OTU_23","Sb",-0.946114503144955,0.000402563901579131,0.946114503144955,-1
"OTU_43","Sb",-0.821954053222238,0.00817842401977277,0.821954053222238,-1
"OTU_35","Sb",-0.877155589070515,0.00349846423140977,0.877155589070515,-1
"OTU_59","Sb",-0.789221369686839,0.0120560927729274,0.789221369686839,-1
"OTU_49","Sb",-0.887419420293035,0.00276293091418811,0.887419420293035,-1
"OTU_13","Sb",0.715344345380274,0.030112491327888,0.715344345380274,1
"OTU_58","Sb",-0.908144962397123,0.00145378827958108,0.908144962397123,-1
"OTU_90","Sb",-0.923789068665701,0.00131051624815101,0.923789068665701,-1
"OTU_47","Sb",-0.832142857142857,0.00674817825001886,0.832142857142857,-1
"OTU_56","Sb",-0.839285714285714,0.00607823779885163,0.839285714285714,-1
"OTU_63","Sb",-0.82999685462699,0.00690803871587701,0.82999685462699,-1
"OTU_138","Sb",-0.832886838388596,0.00674817825001886,0.832886838388596,-1
"OTU_41","Sb",0.738303861965107,0.0230160748552753,0.738303861965107,1
"OTU_88","Sb",-0.842241612701495,0.00602708683235383,0.842241612701495,-1
"OTU_194","Sb",-0.793593483810017,0.0113765370276996,0.793593483810017,-1
"OTU_64","Sb",-0.756709618681174,0.0179115989344894,0.756709618681174,-1
"OTU_122","Sb",-0.788204068088778,0.0121502471116846,0.788204068088778,-1
"OTU_360","Sb",-0.799931063206295,0.0106314325899693,0.799931063206295,-1
"OTU_334","Sb",-0.911942155562892,0.00143258536956753,0.911942155562892,-1
"OTU_113","Sb",-0.920294614170239,0.00131051624815101,0.920294614170239,-1
"OTU_422","Sb",-0.724018987559981,0.0279180964920256,0.724018987559981,-1
"OTU_130","Sb",-0.748776780266767,0.0199041616559351,0.748776780266767,-1
"OTU_301","Sb",-0.91009611881074,0.00143258536956753,0.91009611881074,-1
"OTU_121","Sb",-0.784629446464793,0.0126671959558513,0.784629446464793,-1
"OTU_354","Sb",-0.763762615825973,0.0163585014296869,0.763762615825973,-1
"OTU_110","Sb",-0.746428571428571,0.0206787371427774,0.746428571428571,-1
"OTU_359","Sb",-0.867721831274625,0.00442127554702377,0.867721831274625,-1
"OTU_267","Sb",-0.910400113070471,0.00143258536956753,0.910400113070471,-1
"OTU_333","Sb",-0.76739958066324,0.0155759504772865,0.76739958066324,-1
"OTU_302","Sb",-0.824392169407007,0.00780746494328451,0.824392169407007,-1
"OTU_199","Sb",-0.822402945164629,0.00813981530054915,0.822402945164629,-1
"OTU_198","Sb",-0.865597631269436,0.00449244712957382,0.865597631269436,-1
"OTU_270","Sb",0.696156879020936,0.0372660015224523,0.696156879020936,1
"OTU_247","Sb",-0.86394520000695,0.00463075939811222,0.86394520000695,-1
"OTU_92","Sb",-0.877406226712958,0.00349846423140977,0.877406226712958,-1
"OTU_155","Sb",-0.816801041080661,0.00910575688241703,0.816801041080661,-1
"OTU_236","Sb",-0.850803275235778,0.0060020471772164,0.850803275235778,-1
"OTU_169","Sb",-0.712845108104242,0.031226311893871,0.712845108104242,-1
"OTU_87","Sb",-0.865597631269436,0.00449244712957382,0.865597631269436,-1
"OTU_255","Sb",-0.776440947025392,0.0134422497376546,0.776440947025392,-1
"OTU_188","Sb",-0.887097614059889,0.00276293091418811,0.887097614059889,-1
"OTU_262","Sb",-0.774806217918181,0.0138111849974433,0.774806217918181,-1
"OTU_100","Sb",0.942756428002314,0.000402563901579131,0.942756428002314,1
"OTU_125","Sb",-0.903507902905251,0.00171737142475778,0.903507902905251,-1
"OTU_416","Sb",-0.835457836110457,0.00669558391298451,0.835457836110457,-1
"OTU_351","Sb",-0.805835969291055,0.0098869039262682,0.805835969291055,-1
"OTU_322","Sb",-0.921005281669423,0.00131051624815101,0.921005281669423,-1
"OTU_290","Sb",0.789221369686839,0.0120560927729274,0.789221369686839,1
"OTU_83","Sb",0.785658123650922,0.0126671959558513,0.785658123650922,1
"OTU_311","Sb",-0.810843716426003,0.00936645980542911,0.810843716426003,-1
"OTU_129","Sb",-0.822850735755479,0.00808684652249543,0.822850735755479,-1
"OTU_872","Sb",-0.784573806512927,0.0126671959558513,0.784573806512927,-1
"OTU_728","Sb",-0.703780405528441,0.0349695630134152,0.703780405528441,-1
"OTU_131","Sb",0.766860561448002,0.0156611733534467,0.766860561448002,1
"OTU_157","Sb",0.782499151417296,0.0126671959558513,0.782499151417296,1
"OTU_532","Sb",-0.845079340008434,0.0060020471772164,0.845079340008434,-1
"OTU_480","Sb",-0.692689392227359,0.0381734194140371,0.692689392227359,-1
"OTU_321","Sb",-0.910775191465215,0.00143258536956753,0.910775191465215,-1
"OTU_799","Sb",-0.843274042711568,0.00602708683235383,0.843274042711568,-1
"OTU_316","Sb",-0.89063996768333,0.00264339935030936,0.89063996768333,-1
"OTU_403","Sb",-0.860939719821417,0.00483301677878421,0.860939719821417,-1
"OTU_384","Sb",-0.765375280321942,0.0159152675564089,0.765375280321942,-1
"OTU_472","Sb",-0.749141409834681,0.0198974736450863,0.749141409834681,-1
"OTU_26","Ni",-0.75,0.0198273145258387,0.75,-1
"OTU_41","Ni",0.669201530057043,0.049310089793257,0.669201530057043,1
"OTU_64","Ni",-0.695886623326186,0.0372660015224523,0.695886623326186,-1
"OTU_151","Ni",0.720286257233056,0.0287279435421377,0.720286257233056,1
"OTU_914","Ni",0.675970801595634,0.0463011639496224,0.675970801595634,1
"OTU_354","Ni",-0.698297248755175,0.0366658050595976,0.698297248755175,-1
"OTU_359","Ni",-0.755382844189963,0.0182145929391856,0.755382844189963,-1
"OTU_99","Ni",-0.700625838301136,0.0360212751318551,0.700625838301136,-1
"OTU_247","Ni",-0.719954333339125,0.0287279435421377,0.719954333339125,-1
"OTU_155","Ni",-0.677390797745231,0.0455723977477942,0.677390797745231,-1
"OTU_236","Ni",-0.809392496352621,0.0094927924430831,0.809392496352621,-1
"OTU_87","Ni",-0.687386354243376,0.0403677182008229,0.687386354243376,-1
"OTU_351","Ni",-0.805835969291055,0.0098869039262682,0.805835969291055,-1
"OTU_79","Ni",0.670101694654728,0.049310089793257,0.670101694654728,1
"OTU_872","Ni",-0.788826239068553,0.0120798958772058,0.788826239068553,-1
"OTU_168","Ni",0.728571428571428,0.0264082198016755,0.728571428571428,1
"OTU_628","Ni",0.706097725491664,0.0338723198860567,0.706097725491664,1
"OTU_148","Ni",0.692857142857143,0.0381734194140371,0.692857142857143,1
"OTU_54","Th",0.681007958596021,0.0435418040139209,0.681007958596021,1
"OTU_59","Th",0.687386354243376,0.0403677182008229,0.687386354243376,1
"OTU_193","Th",0.810843716426003,0.00936645980542911,0.810843716426003,1
"OTU_107","Th",0.738355997214634,0.0230160748552753,0.738355997214634,1
"OTU_191","Th",0.721428571428571,0.0287042286725881,0.721428571428571,1
"OTU_241","Th",0.832295363867643,0.00674817825001886,0.832295363867643,1
"OTU_440","Th",0.759842446970217,0.0171973321702058,0.759842446970217,1
"OTU_133","Th",0.74552450204196,0.0209023029939841,0.74552450204196,1
"OTU_274","Th",0.846881214933825,0.0060020471772164,0.846881214933825,1
"OTU_71","Th",-0.73794229010771,0.0231353018157659,0.73794229010771,-1
"OTU_153","Th",0.713137013985085,0.0311057477288851,0.713137013985085,1
"OTU_144","Th",0.710714285714286,0.0320127373604879,0.710714285714286,1
"OTU_299","Th",0.734584743728997,0.0245460873067971,0.734584743728997,1
"OTU_694","Th",0.776608092843572,0.0134422497376546,0.776608092843572,1
"OTU_387","Th",0.778571428571428,0.0131297098259784,0.778571428571428,1
"OTU_244","Th",0.741940249628297,0.0219027848167803,0.741940249628297,1
"OTU_187","Th",0.762076353565438,0.016633029053007,0.762076353565438,1
"OTU_487","Th",0.811043158710438,0.00936645980542911,0.811043158710438,1
"OTU_555","Th",0.722806322324201,0.0281270782772343,0.722806322324201,1
"OTU_376","Th",0.673839453768695,0.0472273905247619,0.673839453768695,1
"OTU_262","Th",0.672099347170887,0.0482223902045173,0.672099347170887,1
"OTU_701","Th",0.681395543441044,0.0433749169667171,0.681395543441044,1
"OTU_52","Th",0.697051216677151,0.0370214593049628,0.697051216677151,1
"OTU_905","Th",0.756687868683148,0.0179115989344894,0.756687868683148,1
"OTU_504","Th",0.695263905865158,0.0374468090660506,0.695263905865158,1
"OTU_987","Th",0.717424057940326,0.0295755639580382,0.717424057940326,1
"OTU_615","Th",0.784529125321522,0.0126671959558513,0.784529125321522,1
"OTU_335","Th",0.710335212938321,0.0321410309250728,0.710335212938321,1
"OTU_706","Th",0.745976219111923,0.0208392450983048,0.745976219111923,1
"OTU_1052","Th",0.696454008489464,0.0372646471980322,0.696454008489464,1
"OTU_14","Tl",0.690118096424798,0.0393158604646954,0.690118096424798,1
"OTU_22","Tl",0.69372184627558,0.038151859965615,0.69372184627558,1
"OTU_26","Tl",-0.692857142857143,0.0381734194140371,0.692857142857143,-1
"OTU_119","Tl",0.748776780266767,0.0199041616559351,0.748776780266767,1
"OTU_13","Tl",0.720749970156447,0.0287279435421377,0.720749970156447,1
"OTU_296","Tl",0.813881193665634,0.00934822231679692,0.813881193665634,1
"OTU_41","Tl",0.691023319080642,0.0388734841459064,0.691023319080642,1
"OTU_151","Tl",0.752457851848924,0.0188719323305588,0.752457851848924,1
"OTU_914","Tl",0.699213350647633,0.0366172528885893,0.699213350647633,1
"OTU_24","Tl",0.701567424712809,0.0357885625533625,0.701567424712809,1
"OTU_112","Tl",0.717496003334175,0.0295755639580382,0.717496003334175,1
"OTU_115","Tl",0.668833060141066,0.0494042201510335,0.668833060141066,1
"OTU_150","Tl",0.693402713384633,0.0381734194140371,0.693402713384633,1
"OTU_354","Tl",-0.698297248755175,0.0366658050595976,0.698297248755175,-1
"OTU_162","Tl",0.670907665792198,0.048781159736849,0.670907665792198,1
"OTU_359","Tl",-0.718582141524299,0.0292426092484028,0.718582141524299,-1
"OTU_179","Tl",0.692689392227359,0.0381734194140371,0.692689392227359,1
"OTU_146","Tl",0.76309220488069,0.0164240729884076,0.76309220488069,1
"OTU_160","Tl",0.748883230224939,0.0199041616559351,0.748883230224939,1
"OTU_247","Tl",-0.72549244359558,0.0276779838253378,0.72549244359558,-1
"OTU_92","Tl",-0.732140295137965,0.0253924757472812,0.732140295137965,-1
"OTU_236","Tl",-0.78680479877999,0.0124988546521255,0.78680479877999,-1
"OTU_445","Tl",0.726464703375852,0.02727462534974,0.726464703375852,1
"OTU_87","Tl",-0.727392967453308,0.0268925853057742,0.727392967453308,-1
"OTU_114","Tl",0.676276494106021,0.0461667590080219,0.676276494106021,1
"OTU_312","Tl",0.741733986976968,0.0219027848167803,0.741733986976968,1
"OTU_351","Tl",-0.805835969291055,0.0098869039262682,0.805835969291055,-1
"OTU_79","Tl",0.696454008489464,0.0372646471980322,0.696454008489464,1
"OTU_348","Tl",0.731187492387307,0.0257208881047136,0.731187492387307,1
"OTU_232","Tl",0.698297248755175,0.0366658050595976,0.698297248755175,1
"OTU_898","Tl",0.840343514510587,0.00605479161113113,0.840343514510587,1
"OTU_741","Tl",0.809852078845507,0.0094927924430831,0.809852078845507,1
"OTU_566","Tl",0.729269782442969,0.0262847727721747,0.729269782442969,1
"OTU_872","Tl",-0.788826239068553,0.0120798958772058,0.788826239068553,-1
"OTU_214","Tl",0.781973780377116,0.0126671959558513,0.781973780377116,1
"OTU_168","Tl",0.814285714285714,0.00934822231679692,0.814285714285714,1
"OTU_537","Tl",0.756709618681174,0.0179115989344894,0.756709618681174,1
"OTU_761","Tl",0.730334002427684,0.0258464882946605,0.730334002427684,1
"OTU_628","Tl",0.759861511696613,0.0171973321702058,0.759861511696613,1
"OTU_792","Tl",0.764217101207358,0.0162259878276471,0.764217101207358,1
"OTU_148","Tl",0.789285714285714,0.0120560927729274,0.789285714285714,1
"OTU_223","Tl",0.702513473078001,0.0354443129615443,0.702513473078001,1
"OTU_14","U",0.700654272214352,0.0360212751318551,0.700654272214352,1
"OTU_119","U",0.749446227678328,0.0198974736450863,0.749446227678328,1
"OTU_296","U",0.705725487115736,0.0339915711315868,0.705725487115736,1
"OTU_32","U",0.680796486011147,0.0435737572596957,0.680796486011147,1
"OTU_41","U",0.684360698772208,0.041969402230313,0.684360698772208,1
"OTU_151","U",0.801431127012522,0.010488992855687,0.801431127012522,1
"OTU_24","U",0.741907473159671,0.0219027848167803,0.741907473159671,1
"OTU_115","U",0.669431033492641,0.049310089793257,0.669431033492641,1
"OTU_150","U",0.7114701502225,0.0315976778398048,0.7114701502225,1
"OTU_179","U",0.697076676480168,0.0370214593049628,0.697076676480168,1
"OTU_146","U",0.695883388748236,0.0372660015224523,0.695883388748236,1
"OTU_445","U",0.68582129723872,0.0411376764068484,0.68582129723872,1
"OTU_114","U",0.702084142805813,0.0356036403981337,0.702084142805813,1
"OTU_312","U",0.769230769230769,0.0151695301924861,0.769230769230769,1
"OTU_175","U",0.806348155495978,0.0098869039262682,0.806348155495978,1
"OTU_79","U",0.82142008363609,0.00817842401977277,0.82142008363609,1
"OTU_741","U",0.685561901769572,0.0412024529437956,0.685561901769572,1
"OTU_214","U",0.679301014250307,0.0444030168800214,0.679301014250307,1
"OTU_168","U",0.682752730181209,0.0427847126447462,0.682752730181209,1
"OTU_537","U",0.724261704744471,0.0279180964920256,0.724261704744471,1
"OTU_628","U",0.681616816972976,0.0432706564173654,0.681616816972976,1
"OTU_792","U",0.69330869444514,0.0381734194140371,0.69330869444514,1
"OTU_148","U",0.800715243772727,0.0105170748419948,0.800715243772727,1
"OTU_14","Mo",0.723197845966422,0.0280913837939113,0.723197845966422,1
"OTU_22","Mo",0.754758849219321,0.0183820383169047,0.754758849219321,1
"OTU_23","Mo",-0.726372144313847,0.02727462534974,0.726372144313847,-1
"OTU_35","Mo",-0.72156855970785,0.0287042286725881,0.72156855970785,-1
"OTU_119","Mo",0.807592917756819,0.00971656558079941,0.807592917756819,1
"OTU_13","Mo",0.688029870913192,0.0402139371506007,0.688029870913192,1
"OTU_32","Mo",0.80149170790786,0.010488992855687,0.80149170790786,1
"OTU_47","Mo",-0.673816176121246,0.0472273905247619,0.673816176121246,-1
"OTU_56","Mo",-0.741733986976968,0.0219027848167803,0.741733986976968,-1
"OTU_41","Mo",0.842710115775352,0.00602708683235383,0.842710115775352,1
"OTU_88","Mo",-0.710317738901048,0.0321410309250728,0.710317738901048,-1
"OTU_151","Mo",0.794275491949911,0.0112630082937204,0.794275491949911,1
"OTU_24","Mo",0.675117749298581,0.0465811434784461,0.675117749298581,1
"OTU_113","Mo",-0.718988437637214,0.0291206454405042,0.718988437637214,-1
"OTU_422","Mo",-0.75336595560171,0.0186750235832748,0.75336595560171,-1
"OTU_301","Mo",-0.675329675260704,0.0465518283567921,0.675329675260704,-1
"OTU_121","Mo",-0.694096601073345,0.0380769820448313,0.694096601073345,-1
"OTU_354","Mo",-0.793567193257135,0.0113765370276996,0.793567193257135,-1
"OTU_359","Mo",-0.766720556983648,0.0156611733534467,0.766720556983648,-1
"OTU_179","Mo",0.732872505812934,0.0252330885967333,0.732872505812934,1
"OTU_199","Mo",-0.766276696730609,0.0156611733534467,0.766276696730609,-1
"OTU_247","Mo",-0.728912604351156,0.0263375782736482,0.728912604351156,-1
"OTU_92","Mo",-0.739580006293961,0.0225857642656034,0.739580006293961,-1
"OTU_155","Mo",-0.698568872987478,0.0366658050595976,0.698568872987478,-1
"OTU_236","Mo",-0.764900353110671,0.0160025039138422,0.764900353110671,-1
"OTU_87","Mo",-0.698921564703531,0.0366172528885893,0.698921564703531,-1
"OTU_376","Mo",-0.669060717712947,0.049310089793257,0.669060717712947,-1
"OTU_188","Mo",-0.670994344239094,0.048781159736849,0.670994344239094,-1
"OTU_114","Mo",0.754290399578553,0.0183970707299742,0.754290399578553,1
"OTU_125","Mo",-0.749828424970559,0.0198519121169511,0.749828424970559,-1
"OTU_312","Mo",0.70304114490161,0.0353402981892736,0.70304114490161,1
"OTU_175","Mo",0.787508245320839,0.0123105712857396,0.787508245320839,1
"OTU_351","Mo",-0.784211199808867,0.0126671959558513,0.784211199808867,-1
"OTU_79","Mo",0.870403850091453,0.00420030276550194,0.870403850091453,1
"OTU_290","Mo",0.758985136670241,0.0173497085986934,0.758985136670241,1
"OTU_83","Mo",0.676844578688475,0.0458723975534886,0.676844578688475,1
"OTU_232","Mo",0.6952813482207,0.0374468090660506,0.6952813482207,1
"OTU_129","Mo",-0.709551368043556,0.0324616325314486,0.709551368043556,-1
"OTU_872","Mo",-0.773570613651352,0.0139884511050113,0.773570613651352,-1
"OTU_537","Mo",0.698299295056474,0.0366658050595976,0.698299295056474,1
"OTU_426","Mo",-0.692927762017578,0.0381734194140371,0.692927762017578,-1
"OTU_628","Mo",0.73184121401309,0.0254964105145154,0.73184121401309,1
"OTU_148","Mo",0.779267514028815,0.0131133706432332,0.779267514028815,1
"OTU_316","Mo",-0.673200818404497,0.047592502184225,0.673200818404497,-1
"OTU_403","Mo",-0.692282431024216,0.0382300756072264,0.692282431024216,-1
"OTU_472","Mo",-0.724516348147603,0.0279180964920256,0.724516348147603,-1
"OTU_914","Co",0.701435473899386,0.0357885625533625,0.701435473899386,1
"OTU_24","Co",0.692886494963701,0.0381734194140371,0.692886494963701,1
"OTU_359","Co",-0.673300441059715,0.0475793668437825,0.673300441059715,-1
"OTU_199","Co",-0.697403356078197,0.0370212106312174,0.697403356078197,-1
"OTU_236","Co",-0.724100515522273,0.0279180964920256,0.724100515522273,-1
"OTU_53","Co",0.686435557368338,0.0408750285949328,0.686435557368338,1
"OTU_351","Co",-0.743378129255982,0.0216478897031978,0.743378129255982,-1
"OTU_961","Co",0.679518693710223,0.0443655384393965,0.679518693710223,1
"OTU_872","Co",-0.713557803154022,0.0309666140920885,0.713557803154022,-1
"OTU_628","Co",0.669659966124799,0.049310089793257,0.669659966124799,1
"OTU_454","Co",0.678844233302131,0.0446935819726074,0.678844233302131,1
"OTU_20","Se",-0.706173332839827,0.0338723198860567,0.706173332839827,-1
"OTU_22","Se",0.757414147264355,0.0178094626251089,0.757414147264355,1
"OTU_23","Se",-0.717142857142857,0.029624548891135,0.717142857142857,-1
"OTU_43","Se",-0.7024170917077,0.0354443129615443,0.7024170917077,-1
"OTU_35","Se",-0.740679041270151,0.0221901794399032,0.740679041270151,-1
"OTU_26","Se",-0.781973780377116,0.0126671959558513,0.781973780377116,-1
"OTU_59","Se",-0.713685815104081,0.0309483016093434,0.713685815104081,-1
"OTU_119","Se",0.732380952380952,0.0253924757472812,0.732380952380952,1
"OTU_49","Se",-0.721198297368334,0.0287249196182853,0.721198297368334,-1
"OTU_47","Se",-0.70266983566906,0.0354443129615443,0.70266983566906,-1
"OTU_105","Se",-0.70266983566906,0.0354443129615443,0.70266983566906,-1
"OTU_56","Se",-0.697137002317335,0.0370214593049628,0.697137002317335,-1
"OTU_367","Se",-0.71373550237251,0.0309483016093434,0.71373550237251,-1
"OTU_41","Se",0.783176276048425,0.0126671959558513,0.783176276048425,1
"OTU_88","Se",-0.790700240061364,0.0119464659715997,0.790700240061364,-1
"OTU_64","Se",-0.721479984108257,0.0287042286725881,0.721479984108257,-1
"OTU_113","Se",-0.762857142857143,0.0164682932997275,0.762857142857143,-1
"OTU_422","Se",-0.77182529481372,0.0145863253334584,0.77182529481372,-1
"OTU_301","Se",-0.673975520730931,0.0472273905247619,0.673975520730931,-1
"OTU_121","Se",-0.695914354272733,0.0372660015224523,0.695914354272733,-1
"OTU_204","Se",-0.812207734429715,0.00936645980542911,0.812207734429715,-1
"OTU_354","Se",-0.816982446237566,0.00910575688241703,0.816982446237566,-1
"OTU_359","Se",-0.799159847955985,0.0106836853650831,0.799159847955985,-1
"OTU_302","Se",-0.669523809523809,0.049310089793257,0.669523809523809,-1
"OTU_198","Se",-0.717442056236207,0.0295755639580382,0.717442056236207,-1
"OTU_247","Se",-0.790276812851402,0.0120338297752837,0.790276812851402,-1
"OTU_92","Se",-0.699139841953985,0.0366172528885893,0.699139841953985,-1
"OTU_155","Se",-0.74667733767459,0.0206787371427774,0.74667733767459,-1
"OTU_236","Se",-0.810664462492528,0.00936645980542911,0.810664462492528,-1
"OTU_87","Se",-0.766273190953855,0.0156611733534467,0.766273190953855,-1
"OTU_376","Se",-0.690385695360953,0.0392040112898129,0.690385695360953,-1
"OTU_188","Se",-0.709523809523809,0.0324616325314486,0.709523809523809,-1
"OTU_262","Se",-0.720194778848416,0.0287279435421377,0.720194778848416,-1
"OTU_125","Se",-0.729014804399755,0.0263375782736482,0.729014804399755,-1
"OTU_351","Se",-0.774071222033989,0.0138551558081477,0.774071222033989,-1
"OTU_79","Se",0.707630370137363,0.0333720867412925,0.707630370137363,1
"OTU_290","Se",0.726832659066524,0.0271514831537137,0.726832659066524,1
"OTU_83","Se",0.668776583966663,0.0494042201510335,0.668776583966663,1
"OTU_898","Se",0.707360445305964,0.0333785002437563,0.707360445305964,1
"OTU_741","Se",0.690767814218477,0.0389932661067837,0.690767814218477,1
"OTU_129","Se",-0.816216676717966,0.00917689212388118,0.816216676717966,-1
"OTU_872","Se",-0.760895541658942,0.0170180305966971,0.760895541658942,-1
"OTU_214","Se",0.675238095238095,0.0465518283567921,0.675238095238095,1
"OTU_168","Se",0.796728002648383,0.0106836853650831,0.796728002648383,1
"OTU_426","Se",-0.835106153180365,0.00670685514546546,0.835106153180365,-1
"OTU_408","Se",-0.831802454850503,0.00674817825001886,0.831802454850503,-1
"OTU_148","Se",0.69160416896561,0.0385852754539455,0.69160416896561,1
"OTU_316","Se",-0.703245555413065,0.0352663407233347,0.703245555413065,-1
"OTU_403","Se",-0.719047209491747,0.0291206454405042,0.719047209491747,-1
"OTU_993","Se",0.734768024804009,0.0245073741111571,0.734768024804009,1
"OTU_472","Se",-0.745744502295663,0.0208948386307558,0.745744502295663,-1
