"2","Warning messages:
"
"2","1: "
"2","In strsplit(x, ""\n"") :"
"2"," input string 1 is invalid in this locale
"
"2","2: "
"2","In strsplit(code, ""\n"", fixed = TRUE) :"
"2","
 "
"2"," input string 1 is invalid in this locale
"
"0","# 求均值(Sum值也行)"
"0","Data_mean = aggregate(Data_t2[,-1], by=Data_t2[1], FUN=mean)"
"0","# 整合各组均值 "
"0","Data4Pic = do.call(rbind, Data_mean)[-1,]"
"0","group = Data_mean$group"
"0","# 为均值表添加列名（分组信息）"
"0","colnames(Data4Pic) = group"
"0","Data4Pic=as.data.frame(Data4Pic)"
"0","# 将数据表中>0的数值替换为1，数值>0则OTU或各级数据在分组中有出现，替换为1是用于可视化的数据准备"
"0","Data4Pic[Data4Pic>0]=1"
"0","# 保存数据，用于以后分析需要"
"0","write.table(Data4Pic,""data4venn.txt"",sep = ""\t"")"
