"source","target","correlation","direct","cor"
"fun_SH489516.07FU_LC119083_reps","bac_ASV_657",0.811679449913428,"undirected","+"
"fun_SH022656.07FU_UDB014919_reps","bac_ASV_657",0.885714285714286,"undirected","+"
"fun_SH014388.07FU_FJ553459_reps","bac_ASV_657",-0.811679449913428,"undirected","-"
"fun_SH013554.07FU_AM295494_refs","bac_ASV_657",-0.845154254728517,"undirected","-"
"fun_SH026663.07FU_HQ634612_reps","bac_ASV_2",0.828571428571429,"undirected","+"
"fun_SH018364.07FU_AY706320_refs","bac_ASV_2",0.828571428571429,"undirected","+"
"fun_SH472526.07FU_EU490164_reps_singleton","bac_ASV_2",1,"undirected","+"
"fun_SH028010.07FU_HE775355_reps","bac_ASV_2",0.845154254728517,"undirected","+"
"fun_SH001002.07FU_JN194714_reps","bac_ASV_2",0.845154254728517,"undirected","+"
"fun_SH001023.07FU_HG969380_reps","bac_ASV_2",0.845154254728517,"undirected","+"
"fun_SH001110.07FU_KF206535_reps_singleton","bac_ASV_3",0.845154254728517,"undirected","+"
"env7","bac_ASV_3",-0.885714285714286,"undirected","-"
"env17","bac_ASV_3",-0.885714285714286,"undirected","-"
"env27","bac_ASV_3",-0.885714285714286,"undirected","-"
"fun_SH480898.07FU_AY313953_reps_singleton","bac_ASV_12",0.828571428571429,"undirected","+"
"fun_SH013554.07FU_AM295494_refs","bac_ASV_12",0.845154254728517,"undirected","+"
"fun_SH015443.07FU_AF479758_reps","bac_ASV_4",0.942857142857143,"undirected","+"
"fun_SH026663.07FU_HQ634612_reps","bac_ASV_4",0.942857142857143,"undirected","+"
"fun_SH018364.07FU_AY706320_refs","bac_ASV_4",0.942857142857143,"undirected","+"
"env10","bac_ASV_4",0.819688599970537,"undirected","+"
"env20","bac_ASV_4",0.819688599970537,"undirected","+"
"env30","bac_ASV_4",0.819688599970537,"undirected","+"
"fun_SH019057.07FU_KF800196_reps_singleton","bac_ASV_6",0.828571428571429,"undirected","+"
"fun_SH490774.07FU_KY687570_reps","bac_ASV_6",-0.942857142857143,"undirected","-"
"fun_SH018180.07FU_KF800364_reps_singleton","bac_ASV_6",0.828571428571429,"undirected","+"
"fun_SH028632.07FU_EU517064_refs","bac_ASV_6",-0.828571428571429,"undirected","-"
"fun_SH496037.07FU_KP020116_reps","bac_ASV_6",-0.828571428571429,"undirected","-"
"fun_SH026161.07FU_AY261368_reps_singleton","bac_ASV_6",-0.828571428571429,"undirected","-"
"fun_SH012779.07FU_AB294424_reps_singleton","bac_ASV_6",-0.942857142857143,"undirected","-"
"fun_SH004901.07FU_AY313033_reps_singleton","bac_ASV_6",-0.942857142857143,"undirected","-"
"fun_SH026161.07FU_AY261368_reps_singleton","bac_ASV_8",0.885714285714286,"undirected","+"
"fun_SH472526.07FU_EU490164_reps_singleton","bac_ASV_18",-0.828571428571429,"undirected","-"
"fun_SH028010.07FU_HE775355_reps","bac_ASV_18",-0.845154254728517,"undirected","-"
"fun_SH001002.07FU_JN194714_reps","bac_ASV_18",-0.845154254728517,"undirected","-"
"fun_SH001023.07FU_HG969380_reps","bac_ASV_18",-0.845154254728517,"undirected","-"
"env7","bac_ASV_18",0.828571428571429,"undirected","+"
"env17","bac_ASV_18",0.828571428571429,"undirected","+"
"env27","bac_ASV_18",0.828571428571429,"undirected","+"
"fun_SH026663.07FU_HQ634612_reps","bac_ASV_9",-0.828571428571429,"undirected","-"
"fun_SH018364.07FU_AY706320_refs","bac_ASV_9",-0.828571428571429,"undirected","-"
"fun_SH472526.07FU_EU490164_reps_singleton","bac_ASV_9",-1,"undirected","-"
"fun_SH028010.07FU_HE775355_reps","bac_ASV_9",-0.845154254728517,"undirected","-"
"fun_SH001002.07FU_JN194714_reps","bac_ASV_9",-0.845154254728517,"undirected","-"
"fun_SH001023.07FU_HG969380_reps","bac_ASV_9",-0.845154254728517,"undirected","-"
"fun_SH001110.07FU_KF206535_reps_singleton","bac_ASV_10",0.845154254728517,"undirected","+"
"env7","bac_ASV_10",-0.885714285714286,"undirected","-"
"env17","bac_ASV_10",-0.885714285714286,"undirected","-"
"env27","bac_ASV_10",-0.885714285714286,"undirected","-"
"env3","bac_ASV_11",0.828571428571429,"undirected","+"
"env13","bac_ASV_11",0.828571428571429,"undirected","+"
"env23","bac_ASV_11",0.828571428571429,"undirected","+"
"fun_SH031808.07FU_UDB014899_reps","bac_ASV_13",-0.885714285714286,"undirected","-"
"fun_SH490774.07FU_KY687570_reps","bac_ASV_14",-0.885714285714286,"undirected","-"
"fun_SH026161.07FU_AY261368_reps_singleton","bac_ASV_14",-0.885714285714286,"undirected","-"
"fun_SH012779.07FU_AB294424_reps_singleton","bac_ASV_14",-0.885714285714286,"undirected","-"
"fun_SH004901.07FU_AY313033_reps_singleton","bac_ASV_14",-0.885714285714286,"undirected","-"
"env3","bac_ASV_16",-0.828571428571429,"undirected","-"
"env13","bac_ASV_16",-0.828571428571429,"undirected","-"
"env23","bac_ASV_16",-0.828571428571429,"undirected","-"
"fun_SH019057.07FU_KF800196_reps_singleton","bac_ASV_17",1,"undirected","+"
"fun_SH490774.07FU_KY687570_reps","bac_ASV_17",-0.942857142857143,"undirected","-"
"fun_SH018180.07FU_KF800364_reps_singleton","bac_ASV_17",1,"undirected","+"
"fun_SH028632.07FU_EU517064_refs","bac_ASV_17",-1,"undirected","-"
"fun_SH027424.07FU_AB325678_reps","bac_ASV_17",-0.942857142857143,"undirected","-"
"fun_SH031475.07FU_AB208109_reps_singleton","bac_ASV_17",-0.942857142857143,"undirected","-"
"fun_SH028295.07FU_FJ439575_reps_singleton","bac_ASV_17",-0.942857142857143,"undirected","-"
"fun_SH012779.07FU_AB294424_reps_singleton","bac_ASV_17",-0.942857142857143,"undirected","-"
"fun_SH004901.07FU_AY313033_reps_singleton","bac_ASV_17",-0.942857142857143,"undirected","-"
"fun_SH631749.07FU_EU386700_reps_singleton","bac_ASV_17",-0.885714285714286,"undirected","-"
"fun_SH493748.07FU_KT222438_reps_singleton","bac_ASV_17",-0.828571428571429,"undirected","-"
"env10","bac_ASV_17",0.819688599970537,"undirected","+"
"env20","bac_ASV_17",0.819688599970537,"undirected","+"
"env30","bac_ASV_17",0.819688599970537,"undirected","+"
"fun_SH489516.07FU_LC119083_reps","bac_ASV_28",0.927633657043918,"undirected","+"
"fun_SH028146.07FU_FJ430714_reps","bac_ASV_28",0.885714285714286,"undirected","+"
"fun_SH022656.07FU_UDB014919_reps","bac_ASV_28",0.942857142857143,"undirected","+"
"fun_SH014388.07FU_FJ553459_reps","bac_ASV_28",-0.811679449913428,"undirected","-"
"fun_SH013554.07FU_AM295494_refs","bac_ASV_28",-0.845154254728517,"undirected","-"
"env9","bac_ASV_28",-0.828571428571429,"undirected","-"
"env19","bac_ASV_28",-0.828571428571429,"undirected","-"
"env29","bac_ASV_28",-0.828571428571429,"undirected","-"
"fun_SH489516.07FU_LC119083_reps","bac_ASV_20",0.811679449913428,"undirected","+"
"fun_SH022656.07FU_UDB014919_reps","bac_ASV_20",0.885714285714286,"undirected","+"
"fun_SH014388.07FU_FJ553459_reps","bac_ASV_20",-0.811679449913428,"undirected","-"
"fun_SH013554.07FU_AM295494_refs","bac_ASV_20",-0.845154254728517,"undirected","-"
"fun_SH017461.07FU_AF250826_reps_singleton","bac_ASV_33",-0.828571428571429,"undirected","-"
"fun_SH480898.07FU_AY313953_reps_singleton","bac_ASV_33",-0.942857142857143,"undirected","-"
"fun_SH028010.07FU_HE775355_reps","bac_ASV_33",-0.845154254728517,"undirected","-"
"fun_SH001002.07FU_JN194714_reps","bac_ASV_33",-0.845154254728517,"undirected","-"
"fun_SH001023.07FU_HG969380_reps","bac_ASV_33",-0.845154254728517,"undirected","-"
"fun_SH026161.07FU_AY261368_reps_singleton","bac_ASV_25",0.828571428571429,"undirected","+"
"fun_SH001110.07FU_KF206535_reps_singleton","bac_ASV_25",-0.845154254728517,"undirected","-"
"fun_SH001110.07FU_KF206535_reps_singleton","bac_ASV_21",-0.845154254728517,"undirected","-"
"fun_SH008743.07FU_HF934949_refs","bac_ASV_22",0.942857142857143,"undirected","+"
"fun_SH490345.07FU_KY687601_reps_singleton","bac_ASV_22",0.84066800169605,"undirected","+"
"fun_SH489516.07FU_LC119083_reps","bac_ASV_31",0.811679449913428,"undirected","+"
"fun_SH028146.07FU_FJ430714_reps","bac_ASV_31",0.828571428571429,"undirected","+"
"fun_SH004575.07FU_AY762619_refs","bac_ASV_31",-0.885714285714286,"undirected","-"
"fun_SH028010.07FU_HE775355_reps","bac_ASV_31",-0.845154254728517,"undirected","-"
"fun_SH001002.07FU_JN194714_reps","bac_ASV_31",-0.845154254728517,"undirected","-"
"fun_SH001023.07FU_HG969380_reps","bac_ASV_31",-0.845154254728517,"undirected","-"
"fun_SH023605.07FU_FN547623_refs","bac_ASV_24",0.94112394811432,"undirected","+"
"env7","bac_ASV_24",-0.942857142857143,"undirected","-"
"env17","bac_ASV_24",-0.942857142857143,"undirected","-"
"env27","bac_ASV_24",-0.942857142857143,"undirected","-"
"fun_SH465267.07FU_EU490044_reps_singleton","bac_ASV_23",-0.828571428571429,"undirected","-"
"fun_SH489516.07FU_LC119083_reps","bac_ASV_26",0.811679449913428,"undirected","+"
"fun_SH028146.07FU_FJ430714_reps","bac_ASV_26",0.828571428571429,"undirected","+"
"fun_SH031808.07FU_UDB014899_reps","bac_ASV_26",0.828571428571429,"undirected","+"
"fun_SH014388.07FU_FJ553459_reps","bac_ASV_26",-0.84066800169605,"undirected","-"
"env6","bac_ASV_26",-1,"undirected","-"
"env16","bac_ASV_26",-1,"undirected","-"
"env26","bac_ASV_26",-1,"undirected","-"
"fun_SH028010.07FU_HE775355_reps","bac_ASV_29",0.845154254728517,"undirected","+"
"fun_SH001002.07FU_JN194714_reps","bac_ASV_29",0.845154254728517,"undirected","+"
"fun_SH001023.07FU_HG969380_reps","bac_ASV_29",0.845154254728517,"undirected","+"
"fun_SH023605.07FU_FN547623_refs","bac_ASV_27",-0.880406274042429,"undirected","-"
"env7","bac_ASV_27",1,"undirected","+"
"env17","bac_ASV_27",1,"undirected","+"
"env27","bac_ASV_27",1,"undirected","+"
"fun_SH019057.07FU_KF800196_reps_singleton","bac_ASV_30",0.828571428571429,"undirected","+"
"fun_SH018180.07FU_KF800364_reps_singleton","bac_ASV_30",0.828571428571429,"undirected","+"
"fun_SH028632.07FU_EU517064_refs","bac_ASV_30",-0.828571428571429,"undirected","-"
"fun_SH027424.07FU_AB325678_reps","bac_ASV_30",-0.942857142857143,"undirected","-"
"fun_SH028295.07FU_FJ439575_reps_singleton","bac_ASV_30",-0.942857142857143,"undirected","-"
"fun_SH004575.07FU_AY762619_refs","bac_ASV_30",-0.828571428571429,"undirected","-"
"fun_SH493748.07FU_KT222438_reps_singleton","bac_ASV_30",-0.885714285714286,"undirected","-"
"env5","bac_ASV_30",0.942857142857143,"undirected","+"
"env15","bac_ASV_30",0.942857142857143,"undirected","+"
"env25","bac_ASV_30",0.942857142857143,"undirected","+"
"fun_SH480898.07FU_AY313953_reps_singleton","bac_ASV_32",-0.885714285714286,"undirected","-"
"fun_SH028010.07FU_HE775355_reps","bac_ASV_32",-0.845154254728517,"undirected","-"
"fun_SH001002.07FU_JN194714_reps","bac_ASV_32",-0.845154254728517,"undirected","-"
"fun_SH001023.07FU_HG969380_reps","bac_ASV_32",-0.845154254728517,"undirected","-"
"fun_SH496037.07FU_KP020116_reps","bac_ASV_34",0.885714285714286,"undirected","+"
"fun_SH031808.07FU_UDB014899_reps","bac_ASV_34",0.942857142857143,"undirected","+"
"fun_SH014388.07FU_FJ553459_reps","bac_ASV_34",-0.811679449913428,"undirected","-"
"fun_SH019057.07FU_KF800196_reps_singleton","bac_ASV_36",0.828571428571429,"undirected","+"
"fun_SH018180.07FU_KF800364_reps_singleton","bac_ASV_36",0.828571428571429,"undirected","+"
"fun_SH028632.07FU_EU517064_refs","bac_ASV_36",-0.828571428571429,"undirected","-"
"fun_SH027424.07FU_AB325678_reps","bac_ASV_36",-0.942857142857143,"undirected","-"
"fun_SH028295.07FU_FJ439575_reps_singleton","bac_ASV_36",-0.942857142857143,"undirected","-"
"fun_SH004575.07FU_AY762619_refs","bac_ASV_36",-0.828571428571429,"undirected","-"
"fun_SH493748.07FU_KT222438_reps_singleton","bac_ASV_36",-0.885714285714286,"undirected","-"
"env5","bac_ASV_36",0.942857142857143,"undirected","+"
"env15","bac_ASV_36",0.942857142857143,"undirected","+"
"env25","bac_ASV_36",0.942857142857143,"undirected","+"
"fun_SH026663.07FU_HQ634612_reps","bac_ASV_37",0.828571428571429,"undirected","+"
"fun_SH018364.07FU_AY706320_refs","bac_ASV_37",0.828571428571429,"undirected","+"
"fun_SH019057.07FU_KF800196_reps_singleton","bac_ASV_47",0.942857142857143,"undirected","+"
"fun_SH490774.07FU_KY687570_reps","bac_ASV_47",-1,"undirected","-"
"fun_SH018180.07FU_KF800364_reps_singleton","bac_ASV_47",0.942857142857143,"undirected","+"
"fun_SH028632.07FU_EU517064_refs","bac_ASV_47",-0.942857142857143,"undirected","-"
"fun_SH027424.07FU_AB325678_reps","bac_ASV_47",-0.828571428571429,"undirected","-"
"fun_SH031475.07FU_AB208109_reps_singleton","bac_ASV_47",-0.885714285714286,"undirected","-"
"fun_SH028295.07FU_FJ439575_reps_singleton","bac_ASV_47",-0.828571428571429,"undirected","-"
"fun_SH026161.07FU_AY261368_reps_singleton","bac_ASV_47",-0.885714285714286,"undirected","-"
"fun_SH012779.07FU_AB294424_reps_singleton","bac_ASV_47",-1,"undirected","-"
"fun_SH004901.07FU_AY313033_reps_singleton","bac_ASV_47",-1,"undirected","-"
"fun_SH031808.07FU_UDB014899_reps","bac_ASV_47",-0.828571428571429,"undirected","-"
"fun_SH490774.07FU_KY687570_reps","bac_ASV_39",-0.828571428571429,"undirected","-"
"fun_SH012779.07FU_AB294424_reps_singleton","bac_ASV_39",-0.828571428571429,"undirected","-"
"fun_SH004901.07FU_AY313033_reps_singleton","bac_ASV_39",-0.828571428571429,"undirected","-"
"env3","bac_ASV_39",0.828571428571429,"undirected","+"
"env10","bac_ASV_39",0.819688599970537,"undirected","+"
"env13","bac_ASV_39",0.828571428571429,"undirected","+"
"env20","bac_ASV_39",0.819688599970537,"undirected","+"
"env23","bac_ASV_39",0.828571428571429,"undirected","+"
"env30","bac_ASV_39",0.819688599970537,"undirected","+"
"fun_SH480898.07FU_AY313953_reps_singleton","bac_ASV_43",-0.942857142857143,"undirected","-"
"fun_SH013554.07FU_AM295494_refs","bac_ASV_43",-0.845154254728517,"undirected","-"
"fun_SH490774.07FU_KY687570_reps","bac_ASV_38",-0.828571428571429,"undirected","-"
"fun_SH027424.07FU_AB325678_reps","bac_ASV_38",-0.828571428571429,"undirected","-"
"fun_SH028295.07FU_FJ439575_reps_singleton","bac_ASV_38",-0.828571428571429,"undirected","-"
"fun_SH026161.07FU_AY261368_reps_singleton","bac_ASV_38",-0.885714285714286,"undirected","-"
"fun_SH012779.07FU_AB294424_reps_singleton","bac_ASV_38",-0.828571428571429,"undirected","-"
"fun_SH004901.07FU_AY313033_reps_singleton","bac_ASV_38",-0.828571428571429,"undirected","-"
"env5","bac_ASV_38",0.828571428571429,"undirected","+"
"env15","bac_ASV_38",0.828571428571429,"undirected","+"
"env25","bac_ASV_38",0.828571428571429,"undirected","+"
"fun_SH490774.07FU_KY687570_reps","bac_ASV_41",-0.828571428571429,"undirected","-"
"fun_SH027424.07FU_AB325678_reps","bac_ASV_41",-0.828571428571429,"undirected","-"
"fun_SH028295.07FU_FJ439575_reps_singleton","bac_ASV_41",-0.828571428571429,"undirected","-"
"fun_SH026161.07FU_AY261368_reps_singleton","bac_ASV_41",-0.885714285714286,"undirected","-"
"fun_SH012779.07FU_AB294424_reps_singleton","bac_ASV_41",-0.828571428571429,"undirected","-"
"fun_SH004901.07FU_AY313033_reps_singleton","bac_ASV_41",-0.828571428571429,"undirected","-"
"env5","bac_ASV_41",0.828571428571429,"undirected","+"
"env15","bac_ASV_41",0.828571428571429,"undirected","+"
"env25","bac_ASV_41",0.828571428571429,"undirected","+"
"fun_SH001110.07FU_KF206535_reps_singleton","bac_ASV_55",0.845154254728517,"undirected","+"
"env7","bac_ASV_55",-0.942857142857143,"undirected","-"
"env17","bac_ASV_55",-0.942857142857143,"undirected","-"
"env27","bac_ASV_55",-0.942857142857143,"undirected","-"
"fun_SH019057.07FU_KF800196_reps_singleton","bac_ASV_42",-0.885714285714286,"undirected","-"
"fun_SH465267.07FU_EU490044_reps_singleton","bac_ASV_42",-0.942857142857143,"undirected","-"
"fun_SH018180.07FU_KF800364_reps_singleton","bac_ASV_42",-0.885714285714286,"undirected","-"
"fun_SH028632.07FU_EU517064_refs","bac_ASV_42",0.885714285714286,"undirected","+"
"fun_SH027424.07FU_AB325678_reps","bac_ASV_42",0.942857142857143,"undirected","+"
"fun_SH028295.07FU_FJ439575_reps_singleton","bac_ASV_42",0.942857142857143,"undirected","+"
"fun_SH631749.07FU_EU386700_reps_singleton","bac_ASV_42",0.828571428571429,"undirected","+"
"fun_SH493748.07FU_KT222438_reps_singleton","bac_ASV_42",0.885714285714286,"undirected","+"
"env10","bac_ASV_42",-0.94112394811432,"undirected","-"
"env20","bac_ASV_42",-0.94112394811432,"undirected","-"
"env30","bac_ASV_42",-0.94112394811432,"undirected","-"
"fun_SH472526.07FU_EU490164_reps_singleton","bac_ASV_71",0.828571428571429,"undirected","+"
"fun_SH028010.07FU_HE775355_reps","bac_ASV_71",0.845154254728517,"undirected","+"
"fun_SH001002.07FU_JN194714_reps","bac_ASV_71",0.845154254728517,"undirected","+"
"fun_SH001023.07FU_HG969380_reps","bac_ASV_71",0.845154254728517,"undirected","+"
"env7","bac_ASV_71",-0.828571428571429,"undirected","-"
"env17","bac_ASV_71",-0.828571428571429,"undirected","-"
"env27","bac_ASV_71",-0.828571428571429,"undirected","-"
"fun_SH489516.07FU_LC119083_reps","bac_ASV_46",0.985610760609162,"undirected","+"
"fun_SH028146.07FU_FJ430714_reps","bac_ASV_46",1,"undirected","+"
"fun_SH025341.07FU_AY762623_refs","bac_ASV_46",-0.828571428571429,"undirected","-"
"fun_SH028010.07FU_HE775355_reps","bac_ASV_46",-0.845154254728517,"undirected","-"
"fun_SH001002.07FU_JN194714_reps","bac_ASV_46",-0.845154254728517,"undirected","-"
"fun_SH001023.07FU_HG969380_reps","bac_ASV_46",-0.845154254728517,"undirected","-"
"env6","bac_ASV_46",-0.828571428571429,"undirected","-"
"env16","bac_ASV_46",-0.828571428571429,"undirected","-"
"env26","bac_ASV_46",-0.828571428571429,"undirected","-"
"fun_SH489516.07FU_LC119083_reps","bac_ASV_166",-0.811679449913428,"undirected","-"
"fun_SH022656.07FU_UDB014919_reps","bac_ASV_166",-0.828571428571429,"undirected","-"
"fun_SH013554.07FU_AM295494_refs","bac_ASV_166",0.845154254728517,"undirected","+"
"fun_SH496037.07FU_KP020116_reps","bac_ASV_63",-0.885714285714286,"undirected","-"
"fun_SH631749.07FU_EU386700_reps_singleton","bac_ASV_63",-0.828571428571429,"undirected","-"
"fun_SH472526.07FU_EU490164_reps_singleton","bac_ASV_44",0.942857142857143,"undirected","+"
"fun_SH028010.07FU_HE775355_reps","bac_ASV_44",0.845154254728517,"undirected","+"
"fun_SH001002.07FU_JN194714_reps","bac_ASV_44",0.845154254728517,"undirected","+"
"fun_SH001023.07FU_HG969380_reps","bac_ASV_44",0.845154254728517,"undirected","+"
"fun_SH001110.07FU_KF206535_reps_singleton","bac_ASV_40",0.845154254728517,"undirected","+"
"env10","bac_ASV_378",-0.819688599970537,"undirected","-"
"env20","bac_ASV_378",-0.819688599970537,"undirected","-"
"env30","bac_ASV_378",-0.819688599970537,"undirected","-"
"fun_SH019057.07FU_KF800196_reps_singleton","bac_ASV_45",-0.828571428571429,"undirected","-"
"fun_SH018180.07FU_KF800364_reps_singleton","bac_ASV_45",-0.828571428571429,"undirected","-"
"fun_SH028632.07FU_EU517064_refs","bac_ASV_45",0.828571428571429,"undirected","+"
"fun_SH027424.07FU_AB325678_reps","bac_ASV_45",0.942857142857143,"undirected","+"
"fun_SH028295.07FU_FJ439575_reps_singleton","bac_ASV_45",0.942857142857143,"undirected","+"
"fun_SH004575.07FU_AY762619_refs","bac_ASV_45",0.828571428571429,"undirected","+"
"fun_SH493748.07FU_KT222438_reps_singleton","bac_ASV_45",0.885714285714286,"undirected","+"
"env5","bac_ASV_45",-0.942857142857143,"undirected","-"
"env15","bac_ASV_45",-0.942857142857143,"undirected","-"
"env25","bac_ASV_45",-0.942857142857143,"undirected","-"
"fun_SH008743.07FU_HF934949_refs","bac_ASV_48",0.828571428571429,"undirected","+"
"fun_SH472526.07FU_EU490164_reps_singleton","bac_ASV_48",0.885714285714286,"undirected","+"
"fun_SH013554.07FU_AM295494_refs","bac_ASV_48",0.845154254728517,"undirected","+"
"fun_SH001110.07FU_KF206535_reps_singleton","bac_ASV_49",-0.845154254728517,"undirected","-"
"fun_SH019057.07FU_KF800196_reps_singleton","bac_ASV_53",-0.828571428571429,"undirected","-"
"fun_SH490774.07FU_KY687570_reps","bac_ASV_53",0.942857142857143,"undirected","+"
"fun_SH018180.07FU_KF800364_reps_singleton","bac_ASV_53",-0.828571428571429,"undirected","-"
"fun_SH028632.07FU_EU517064_refs","bac_ASV_53",0.828571428571429,"undirected","+"
"fun_SH496037.07FU_KP020116_reps","bac_ASV_53",0.828571428571429,"undirected","+"
"fun_SH026161.07FU_AY261368_reps_singleton","bac_ASV_53",0.828571428571429,"undirected","+"
"fun_SH012779.07FU_AB294424_reps_singleton","bac_ASV_53",0.942857142857143,"undirected","+"
"fun_SH004901.07FU_AY313033_reps_singleton","bac_ASV_53",0.942857142857143,"undirected","+"
"fun_SH489516.07FU_LC119083_reps","bac_ASV_57",-0.927633657043918,"undirected","-"
"fun_SH028146.07FU_FJ430714_reps","bac_ASV_57",-0.942857142857143,"undirected","-"
"fun_SH022656.07FU_UDB014919_reps","bac_ASV_57",-0.828571428571429,"undirected","-"
"fun_SH496037.07FU_KP020116_reps","bac_ASV_57",-0.828571428571429,"undirected","-"
"fun_SH028010.07FU_HE775355_reps","bac_ASV_57",0.845154254728517,"undirected","+"
"fun_SH001002.07FU_JN194714_reps","bac_ASV_57",0.845154254728517,"undirected","+"
"fun_SH001023.07FU_HG969380_reps","bac_ASV_57",0.845154254728517,"undirected","+"
"fun_SH008743.07FU_HF934949_refs","bac_ASV_54",-1,"undirected","-"
"fun_SH631459.07FU_KX287502_reps_singleton","bac_ASV_54",-0.811679449913428,"undirected","-"
"fun_SH490345.07FU_KY687601_reps_singleton","bac_ASV_54",-0.927633657043918,"undirected","-"
"fun_SH001110.07FU_KF206535_reps_singleton","bac_ASV_56",0.845154254728517,"undirected","+"
"fun_SH026663.07FU_HQ634612_reps","bac_ASV_59",-0.828571428571429,"undirected","-"
"fun_SH031475.07FU_AB208109_reps_singleton","bac_ASV_59",0.828571428571429,"undirected","+"
"fun_SH018364.07FU_AY706320_refs","bac_ASV_59",-0.828571428571429,"undirected","-"
"fun_SH631749.07FU_EU386700_reps_singleton","bac_ASV_59",0.942857142857143,"undirected","+"
"env8","bac_ASV_59",-0.828571428571429,"undirected","-"
"env10","bac_ASV_59",-0.819688599970537,"undirected","-"
"env18","bac_ASV_59",-0.828571428571429,"undirected","-"
"env20","bac_ASV_59",-0.819688599970537,"undirected","-"
"env28","bac_ASV_59",-0.828571428571429,"undirected","-"
"env30","bac_ASV_59",-0.819688599970537,"undirected","-"
"env10","fun_SH019057.07FU_KF800196_reps_singleton",0.819688599970537,"undirected","+"
"env20","fun_SH019057.07FU_KF800196_reps_singleton",0.819688599970537,"undirected","+"
"env30","fun_SH019057.07FU_KF800196_reps_singleton",0.819688599970537,"undirected","+"
"env10","fun_SH015443.07FU_AF479758_reps",0.819688599970537,"undirected","+"
"env20","fun_SH015443.07FU_AF479758_reps",0.819688599970537,"undirected","+"
"env30","fun_SH015443.07FU_AF479758_reps",0.819688599970537,"undirected","+"
"env6","fun_SH489516.07FU_LC119083_reps",-0.811679449913428,"undirected","-"
"env16","fun_SH489516.07FU_LC119083_reps",-0.811679449913428,"undirected","-"
"env26","fun_SH489516.07FU_LC119083_reps",-0.811679449913428,"undirected","-"
"env10","fun_SH465267.07FU_EU490044_reps_singleton",0.94112394811432,"undirected","+"
"env20","fun_SH465267.07FU_EU490044_reps_singleton",0.94112394811432,"undirected","+"
"env30","fun_SH465267.07FU_EU490044_reps_singleton",0.94112394811432,"undirected","+"
"env6","fun_SH028146.07FU_FJ430714_reps",-0.828571428571429,"undirected","-"
"env16","fun_SH028146.07FU_FJ430714_reps",-0.828571428571429,"undirected","-"
"env26","fun_SH028146.07FU_FJ430714_reps",-0.828571428571429,"undirected","-"
"env10","fun_SH018180.07FU_KF800364_reps_singleton",0.819688599970537,"undirected","+"
"env20","fun_SH018180.07FU_KF800364_reps_singleton",0.819688599970537,"undirected","+"
"env30","fun_SH018180.07FU_KF800364_reps_singleton",0.819688599970537,"undirected","+"
"env10","fun_SH028632.07FU_EU517064_refs",-0.819688599970537,"undirected","-"
"env20","fun_SH028632.07FU_EU517064_refs",-0.819688599970537,"undirected","-"
"env30","fun_SH028632.07FU_EU517064_refs",-0.819688599970537,"undirected","-"
"env5","fun_SH027424.07FU_AB325678_reps",-0.885714285714286,"undirected","-"
"env10","fun_SH027424.07FU_AB325678_reps",-0.819688599970537,"undirected","-"
"env15","fun_SH027424.07FU_AB325678_reps",-0.885714285714286,"undirected","-"
"env20","fun_SH027424.07FU_AB325678_reps",-0.819688599970537,"undirected","-"
"env25","fun_SH027424.07FU_AB325678_reps",-0.885714285714286,"undirected","-"
"env30","fun_SH027424.07FU_AB325678_reps",-0.819688599970537,"undirected","-"
"env8","fun_SH031475.07FU_AB208109_reps_singleton",-0.885714285714286,"undirected","-"
"env18","fun_SH031475.07FU_AB208109_reps_singleton",-0.885714285714286,"undirected","-"
"env28","fun_SH031475.07FU_AB208109_reps_singleton",-0.885714285714286,"undirected","-"
"env9","fun_SH022656.07FU_UDB014919_reps",-0.942857142857143,"undirected","-"
"env19","fun_SH022656.07FU_UDB014919_reps",-0.942857142857143,"undirected","-"
"env29","fun_SH022656.07FU_UDB014919_reps",-0.942857142857143,"undirected","-"
"env5","fun_SH028295.07FU_FJ439575_reps_singleton",-0.885714285714286,"undirected","-"
"env10","fun_SH028295.07FU_FJ439575_reps_singleton",-0.819688599970537,"undirected","-"
"env15","fun_SH028295.07FU_FJ439575_reps_singleton",-0.885714285714286,"undirected","-"
"env20","fun_SH028295.07FU_FJ439575_reps_singleton",-0.819688599970537,"undirected","-"
"env25","fun_SH028295.07FU_FJ439575_reps_singleton",-0.885714285714286,"undirected","-"
"env30","fun_SH028295.07FU_FJ439575_reps_singleton",-0.819688599970537,"undirected","-"
"env8","fun_SH631749.07FU_EU386700_reps_singleton",-0.942857142857143,"undirected","-"
"env10","fun_SH631749.07FU_EU386700_reps_singleton",-0.819688599970537,"undirected","-"
"env18","fun_SH631749.07FU_EU386700_reps_singleton",-0.942857142857143,"undirected","-"
"env20","fun_SH631749.07FU_EU386700_reps_singleton",-0.819688599970537,"undirected","-"
"env28","fun_SH631749.07FU_EU386700_reps_singleton",-0.942857142857143,"undirected","-"
"env30","fun_SH631749.07FU_EU386700_reps_singleton",-0.819688599970537,"undirected","-"
"env5","fun_SH493748.07FU_KT222438_reps_singleton",-0.942857142857143,"undirected","-"
"env15","fun_SH493748.07FU_KT222438_reps_singleton",-0.942857142857143,"undirected","-"
"env25","fun_SH493748.07FU_KT222438_reps_singleton",-0.942857142857143,"undirected","-"
"env6","fun_SH031808.07FU_UDB014899_reps",-0.828571428571429,"undirected","-"
"env16","fun_SH031808.07FU_UDB014899_reps",-0.828571428571429,"undirected","-"
"env26","fun_SH031808.07FU_UDB014899_reps",-0.828571428571429,"undirected","-"
"env2","fun_SH493426.07FU_KY687621_reps_singleton",0.942857142857143,"undirected","+"
"env4","fun_SH493426.07FU_KY687621_reps_singleton",0.885714285714286,"undirected","+"
"env12","fun_SH493426.07FU_KY687621_reps_singleton",0.942857142857143,"undirected","+"
"env14","fun_SH493426.07FU_KY687621_reps_singleton",0.885714285714286,"undirected","+"
"env22","fun_SH493426.07FU_KY687621_reps_singleton",0.942857142857143,"undirected","+"
"env24","fun_SH493426.07FU_KY687621_reps_singleton",0.885714285714286,"undirected","+"
"env6","fun_SH014388.07FU_FJ553459_reps",0.84066800169605,"undirected","+"
"env9","fun_SH014388.07FU_FJ553459_reps",0.869656553478673,"undirected","+"
"env16","fun_SH014388.07FU_FJ553459_reps",0.84066800169605,"undirected","+"
"env19","fun_SH014388.07FU_FJ553459_reps",0.869656553478673,"undirected","+"
"env26","fun_SH014388.07FU_FJ553459_reps",0.84066800169605,"undirected","+"
"env29","fun_SH014388.07FU_FJ553459_reps",0.869656553478673,"undirected","+"
"env7","fun_SH023605.07FU_FN547623_refs",-0.880406274042429,"undirected","-"
"env17","fun_SH023605.07FU_FN547623_refs",-0.880406274042429,"undirected","-"
"env27","fun_SH023605.07FU_FN547623_refs",-0.880406274042429,"undirected","-"
"env11","env1",1,"undirected","+"
"env12","env1",-0.828571428571429,"undirected","-"
"env21","env1",1,"undirected","+"
"env22","env1",-0.828571428571429,"undirected","-"
"env11","env2",-0.828571428571429,"undirected","-"
"env12","env2",1,"undirected","+"
"env21","env2",-0.828571428571429,"undirected","-"
"env22","env2",1,"undirected","+"
"env13","env3",1,"undirected","+"
"env14","env3",-0.828571428571429,"undirected","-"
"env23","env3",1,"undirected","+"
"env24","env3",-0.828571428571429,"undirected","-"
"env13","env4",-0.828571428571429,"undirected","-"
"env14","env4",1,"undirected","+"
"env23","env4",-0.828571428571429,"undirected","-"
"env24","env4",1,"undirected","+"
"env15","env5",1,"undirected","+"
"env25","env5",1,"undirected","+"
"env16","env6",1,"undirected","+"
"env26","env6",1,"undirected","+"
"env17","env7",1,"undirected","+"
"env27","env7",1,"undirected","+"
"env18","env8",1,"undirected","+"
"env28","env8",1,"undirected","+"
"env19","env9",1,"undirected","+"
"env29","env9",1,"undirected","+"
"env20","env10",1,"undirected","+"
"env30","env10",1,"undirected","+"
"env21","env11",1,"undirected","+"
"env22","env11",-0.828571428571429,"undirected","-"
"env21","env12",-0.828571428571429,"undirected","-"
"env22","env12",1,"undirected","+"
"env23","env13",1,"undirected","+"
"env24","env13",-0.828571428571429,"undirected","-"
"env23","env14",-0.828571428571429,"undirected","-"
"env24","env14",1,"undirected","+"
"env25","env15",1,"undirected","+"
"env26","env16",1,"undirected","+"
"env27","env17",1,"undirected","+"
"env28","env18",1,"undirected","+"
