id,net,net_num,malaria_risk,income,health,household,eligible,temperature,resistance
1,TRUE,1,33,781,56,2,FALSE,21.1,59
2,FALSE,0,42,974,57,4,FALSE,26.5,73
3,FALSE,0,80,502,15,3,FALSE,25.6,65
4,TRUE,1,34,671,20,5,TRUE,21.3,46
5,FALSE,0,44,728,17,5,FALSE,19.2,54
6,FALSE,0,25,1050,48,1,FALSE,25.3,34
7,TRUE,1,19,1146,65,3,FALSE,27.4,45
8,FALSE,0,35,1093,75,5,FALSE,29.8,65
9,FALSE,0,32,1037,60,3,FALSE,27.6,55
10,FALSE,0,40,828,36,3,FALSE,21.3,54
11,FALSE,0,30,889,75,6,FALSE,17.4,33
12,TRUE,1,14,1133,62,3,FALSE,18.9,39
13,TRUE,1,31,807,42,4,FALSE,27.6,37
14,FALSE,0,34,950,53,3,FALSE,24,53
15,FALSE,0,22,1195,90,1,FALSE,24.5,34
16,TRUE,1,54,594,29,5,TRUE,25.5,55
17,TRUE,1,23,936,47,2,FALSE,26.1,32
18,FALSE,0,41,816,30,1,FALSE,17.7,73
19,FALSE,0,37,962,55,2,FALSE,26.7,54
20,TRUE,1,65,431,6,6,TRUE,26.8,38
21,FALSE,0,59,760,36,5,FALSE,28.7,51
22,FALSE,0,59,655,30,4,FALSE,23.6,43
23,FALSE,0,41,896,45,3,FALSE,25.9,53
24,TRUE,1,21,1033,64,7,FALSE,23.4,51
25,FALSE,0,25,1115,62,3,FALSE,27.3,33
26,FALSE,0,27,1139,75,4,FALSE,30.7,37
27,TRUE,1,23,967,71,3,FALSE,21.1,52
28,TRUE,1,26,840,37,3,FALSE,17.8,71
29,FALSE,0,35,946,49,2,FALSE,22.7,63
30,FALSE,0,50,698,25,2,FALSE,22.4,39
31,TRUE,1,50,580,37,6,TRUE,20.3,59
32,FALSE,0,50,762,20,5,FALSE,26.2,47
33,TRUE,1,29,894,53,4,FALSE,26.7,52
34,FALSE,0,30,907,40,4,FALSE,20.3,51
35,FALSE,0,66,682,22,1,FALSE,23.2,84
36,TRUE,1,27,829,67,3,FALSE,22.5,31
37,FALSE,0,51,772,41,4,FALSE,24.5,49
38,FALSE,0,48,730,55,2,FALSE,22.9,23
39,FALSE,0,32,984,51,2,FALSE,24.4,56
40,TRUE,1,21,1016,40,2,FALSE,22.7,63
41,FALSE,0,76,641,56,2,FALSE,26.7,68
42,FALSE,0,59,656,41,3,FALSE,27.1,21
43,TRUE,1,21,963,53,3,FALSE,18.7,53
44,TRUE,1,35,840,41,2,FALSE,26.6,70
45,FALSE,0,25,1110,78,2,FALSE,23.2,42
46,TRUE,1,31,737,76,2,FALSE,16.8,45
47,FALSE,0,48,827,52,2,FALSE,25.3,47
48,FALSE,0,52,810,48,3,FALSE,26.3,53
49,TRUE,1,29,857,46,2,FALSE,24,57
50,TRUE,1,13,1307,67,5,FALSE,21.8,66
51,TRUE,1,26,915,56,1,FALSE,25.7,46
52,FALSE,0,39,826,59,3,FALSE,18,50
53,FALSE,0,46,825,41,4,FALSE,18.7,82
54,FALSE,0,52,864,49,1,FALSE,29.8,54
55,FALSE,0,26,1053,64,3,FALSE,22,50
56,FALSE,0,36,822,33,2,FALSE,23.8,29
57,FALSE,0,53,631,15,1,FALSE,18.9,48
58,FALSE,0,27,1000,52,4,FALSE,22.1,45
59,FALSE,0,48,766,60,5,FALSE,20.3,47
60,FALSE,0,37,893,52,2,FALSE,24.6,40
61,FALSE,0,21,1130,55,3,FALSE,22.1,38
62,FALSE,0,19,1222,65,1,FALSE,23,38
63,FALSE,0,35,1036,69,2,FALSE,30.8,45
64,FALSE,0,49,817,35,2,FALSE,23.6,67
65,FALSE,0,61,743,26,4,FALSE,27.7,62
66,FALSE,0,19,1293,82,3,FALSE,25.5,43
67,FALSE,0,36,732,21,4,FALSE,19.6,24
68,FALSE,0,40,869,52,4,FALSE,26.1,36
69,TRUE,1,27,735,31,4,FALSE,18.6,41
70,TRUE,1,14,1194,70,3,FALSE,19.2,49
71,TRUE,1,13,1259,61,4,FALSE,24.9,38
72,FALSE,0,61,763,35,3,FALSE,25.7,76
73,FALSE,0,43,789,43,4,FALSE,21.4,44
74,TRUE,1,15,1235,88,1,FALSE,25.4,31
75,FALSE,0,27,1003,39,3,FALSE,23.5,46
76,FALSE,0,38,796,43,2,FALSE,20.7,34
77,FALSE,0,45,934,64,2,FALSE,28.9,50
78,FALSE,0,24,1047,71,3,FALSE,17.2,51
79,TRUE,1,30,812,44,2,FALSE,24.4,53
80,FALSE,0,26,960,35,1,FALSE,24,25
81,FALSE,0,29,1044,58,2,FALSE,26.7,51
82,FALSE,0,38,927,55,3,FALSE,24.8,52
83,TRUE,1,14,1229,77,3,FALSE,24.4,28
84,FALSE,0,31,1152,83,4,FALSE,31.2,61
85,TRUE,1,13,1270,78,1,FALSE,18.5,59
86,TRUE,1,19,1137,59,3,FALSE,21.1,80
87,FALSE,0,45,704,30,7,FALSE,17.1,50
88,FALSE,0,49,830,44,5,FALSE,27.3,48
89,TRUE,1,58,666,44,5,TRUE,32,49
90,FALSE,0,41,929,37,2,FALSE,30.4,49
91,FALSE,0,24,1041,69,1,FALSE,21.9,22
92,FALSE,0,38,909,67,3,FALSE,27.7,24
93,FALSE,0,43,885,35,2,FALSE,29.1,47
94,FALSE,0,61,765,45,3,FALSE,31.5,39
95,TRUE,1,20,1082,71,2,FALSE,24.4,48
96,FALSE,0,30,781,39,2,FALSE,17.9,18
97,FALSE,0,27,927,56,4,FALSE,19.2,27
98,FALSE,0,27,945,24,1,FALSE,23.4,32
99,TRUE,1,13,1422,97,3,FALSE,25.6,61
100,TRUE,1,26,969,65,3,FALSE,30,32
101,FALSE,0,39,845,35,3,FALSE,25.4,36
102,TRUE,1,20,1106,94,2,FALSE,22.9,49
103,TRUE,1,44,582,36,3,FALSE,19.9,43
104,TRUE,1,20,986,44,6,FALSE,20.9,50
105,FALSE,0,42,902,29,3,FALSE,23.4,80
106,TRUE,1,24,910,53,5,FALSE,25,32
107,FALSE,0,61,711,53,5,FALSE,25.8,43
108,TRUE,1,18,982,51,3,FALSE,18.1,40
109,FALSE,0,30,935,26,3,FALSE,20.1,69
110,FALSE,0,22,1066,55,2,FALSE,20.1,37
111,TRUE,1,15,1211,83,5,FALSE,21.5,46
112,TRUE,1,42,647,30,2,FALSE,20.6,59
113,TRUE,1,30,665,32,1,FALSE,19.2,33
114,FALSE,0,29,1053,64,6,FALSE,21.8,71
115,FALSE,0,34,1008,66,4,FALSE,26.1,57
116,FALSE,0,29,835,13,2,FALSE,20.8,33
117,FALSE,0,45,890,56,3,FALSE,26.3,54
118,FALSE,0,43,917,43,6,FALSE,30.7,45
119,TRUE,1,13,1220,71,3,FALSE,17.7,52
120,TRUE,1,23,961,43,2,FALSE,25.6,46
121,FALSE,0,33,913,59,3,FALSE,18.2,63
122,TRUE,1,40,663,40,2,FALSE,25.3,29
123,FALSE,0,33,861,49,2,FALSE,20.2,40
124,TRUE,1,24,958,30,2,FALSE,28.6,44
125,TRUE,1,58,592,40,2,FALSE,30.3,34
126,FALSE,0,32,1002,69,7,FALSE,28.5,33
127,TRUE,1,24,959,65,2,FALSE,22.8,47
128,FALSE,0,46,826,40,1,FALSE,26.2,46
129,FALSE,0,57,695,44,2,FALSE,29.6,12
130,FALSE,0,23,1261,91,4,FALSE,26.3,62
131,TRUE,1,14,1274,62,3,FALSE,24.1,51
132,TRUE,1,32,854,48,5,FALSE,22.5,81
133,TRUE,1,16,1246,81,3,FALSE,24,57
134,TRUE,1,27,859,51,4,FALSE,23.8,41
135,FALSE,0,29,1176,79,3,FALSE,26.1,87
136,FALSE,0,43,1048,55,3,FALSE,29.5,87
137,TRUE,1,14,1222,73,4,FALSE,23.5,31
138,FALSE,0,28,1166,57,4,FALSE,32.1,54
139,FALSE,0,40,726,39,6,FALSE,15.6,45
140,FALSE,0,39,942,60,3,FALSE,26.2,50
141,FALSE,0,42,794,54,2,FALSE,18.2,51
142,TRUE,1,15,1046,59,3,FALSE,16.4,30
143,FALSE,0,39,887,52,1,FALSE,23.3,52
144,FALSE,0,30,1067,55,2,FALSE,25.8,72
145,FALSE,0,49,758,43,4,FALSE,22.5,45
146,FALSE,0,55,707,47,2,FALSE,22.1,45
147,FALSE,0,39,873,44,2,FALSE,19.9,67
148,TRUE,1,22,1142,83,1,FALSE,28.4,60
149,FALSE,0,30,920,45,2,FALSE,26.1,25
150,TRUE,1,20,998,40,4,FALSE,21.3,51
151,TRUE,1,22,1124,60,4,FALSE,26.9,71
152,FALSE,0,44,852,41,3,FALSE,22.1,67
153,TRUE,1,19,1051,71,2,FALSE,18.3,53
154,FALSE,0,24,1080,71,2,FALSE,18.4,58
155,TRUE,1,11,1396,97,1,FALSE,23.6,31
156,TRUE,1,44,750,42,2,FALSE,29.2,52
157,TRUE,1,12,1226,73,3,FALSE,17.7,34
158,FALSE,0,42,785,34,2,FALSE,22.1,41
159,FALSE,0,60,718,23,3,FALSE,25.9,61
160,TRUE,1,13,1195,73,2,FALSE,19,32
161,FALSE,0,33,1003,54,3,FALSE,27.6,51
162,FALSE,0,44,896,33,2,FALSE,28.8,54
163,FALSE,0,53,738,33,3,FALSE,24.7,48
164,FALSE,0,29,1176,72,2,FALSE,29,73
165,FALSE,0,59,595,23,2,FALSE,22.4,33
166,TRUE,1,24,885,54,3,FALSE,17.5,56
167,FALSE,0,54,698,39,4,FALSE,21.7,46
168,FALSE,0,53,725,21,2,FALSE,25.9,44
169,FALSE,0,86,353,19,3,FALSE,23.7,54
170,TRUE,1,27,827,31,2,FALSE,26,33
171,TRUE,1,16,1273,78,3,FALSE,31.7,29
172,FALSE,0,28,902,59,2,FALSE,15.8,41
173,FALSE,0,41,835,28,5,FALSE,19.7,72
174,FALSE,0,35,833,40,4,FALSE,18.8,48
175,FALSE,0,73,660,32,3,FALSE,31.8,52
176,TRUE,1,27,786,60,3,FALSE,16.9,45
177,TRUE,1,50,631,40,2,FALSE,24.4,54
178,TRUE,1,21,948,65,3,FALSE,19.6,34
179,TRUE,1,22,911,34,5,FALSE,17.9,64
180,TRUE,1,12,1287,57,3,FALSE,21.8,56
181,TRUE,1,21,987,40,4,FALSE,25.7,36
182,TRUE,1,55,529,36,2,FALSE,21.6,48
183,FALSE,0,27,1013,48,4,FALSE,21.6,58
184,FALSE,0,37,964,62,2,FALSE,25.2,55
185,TRUE,1,39,810,34,3,FALSE,28.2,68
186,FALSE,0,48,850,58,3,FALSE,27.9,39
187,FALSE,0,76,523,29,2,FALSE,22.6,63
188,TRUE,1,53,599,18,3,FALSE,24.8,62
189,TRUE,1,21,1116,76,5,FALSE,28.1,45
190,TRUE,1,27,946,70,5,FALSE,29.1,34
191,FALSE,0,17,1258,50,2,FALSE,25.2,32
192,FALSE,0,40,904,49,2,FALSE,25,54
193,FALSE,0,34,1007,52,7,FALSE,29.8,47
194,FALSE,0,53,834,39,3,FALSE,25.6,72
195,TRUE,1,37,623,20,5,TRUE,17.7,55
196,FALSE,0,36,967,47,3,FALSE,29.4,42
197,FALSE,0,41,693,29,3,FALSE,17.1,33
198,TRUE,1,28,848,42,3,FALSE,26.2,39
199,FALSE,0,75,503,34,2,FALSE,21.6,52
200,TRUE,1,15,1113,47,3,FALSE,20.4,41
201,TRUE,1,12,1388,86,2,FALSE,25.6,55
202,TRUE,1,39,593,28,6,TRUE,18.6,43
203,FALSE,0,66,633,34,3,FALSE,25.8,46
204,FALSE,0,53,731,46,3,FALSE,24.4,37
205,FALSE,0,28,1110,65,2,FALSE,23.8,74
206,FALSE,0,54,902,64,5,FALSE,32,52
207,TRUE,1,20,1071,67,2,FALSE,23.3,51
208,FALSE,0,23,952,33,2,FALSE,18.2,24
209,FALSE,0,24,1025,59,2,FALSE,16.2,57
210,FALSE,0,33,954,57,2,FALSE,27.3,33
211,FALSE,0,57,782,62,3,FALSE,29,35
212,FALSE,0,48,899,58,2,FALSE,26.9,60
213,TRUE,1,26,896,62,2,FALSE,23.7,41
214,TRUE,1,22,1080,93,3,FALSE,30.7,23
215,TRUE,1,24,1000,31,1,FALSE,25.1,72
216,FALSE,0,26,1000,55,4,FALSE,25.6,14
217,TRUE,1,32,875,46,2,FALSE,29.2,56
218,FALSE,0,75,501,26,3,FALSE,20.8,62
219,TRUE,1,22,999,37,4,FALSE,27.4,39
220,TRUE,1,28,995,73,5,FALSE,29.9,54
221,FALSE,0,42,877,66,2,FALSE,22.3,54
222,TRUE,1,50,573,31,6,TRUE,19.9,62
223,FALSE,0,72,606,51,4,FALSE,24.3,54
224,FALSE,0,34,906,56,4,FALSE,22.5,44
225,FALSE,0,54,859,58,1,FALSE,28.3,60
226,TRUE,1,22,878,32,2,FALSE,17.1,59
227,FALSE,0,47,754,16,3,FALSE,27.1,35
228,TRUE,1,41,529,26,3,FALSE,18.5,28
229,FALSE,0,62,724,41,4,FALSE,27.9,50
230,FALSE,0,46,873,53,5,FALSE,28.3,44
231,TRUE,1,28,821,52,3,FALSE,24.9,34
232,TRUE,1,22,983,66,3,FALSE,20.9,49
233,TRUE,1,17,1133,69,3,FALSE,26.6,29
234,FALSE,0,41,889,53,1,FALSE,25,50
235,TRUE,1,19,1082,78,2,FALSE,24.1,39
236,TRUE,1,29,695,19,2,FALSE,16,61
237,FALSE,0,35,1060,72,2,FALSE,24.4,81
238,FALSE,0,32,840,41,4,FALSE,20.3,35
239,TRUE,1,19,1121,76,2,FALSE,21.9,62
240,TRUE,1,17,1206,76,4,FALSE,24.5,59
241,TRUE,1,43,550,24,3,FALSE,17.6,47
242,TRUE,1,22,999,89,3,FALSE,20.8,41
243,FALSE,0,54,818,52,2,FALSE,23.9,70
244,FALSE,0,28,909,63,3,FALSE,20.7,20
245,TRUE,1,15,1231,82,2,FALSE,25.6,39
246,FALSE,0,39,865,34,4,FALSE,29,28
247,TRUE,1,13,1340,65,2,FALSE,22.6,67
248,FALSE,0,46,855,66,6,FALSE,24.8,45
249,TRUE,1,19,1061,45,6,FALSE,25.2,40
250,FALSE,0,68,765,70,4,FALSE,22.8,92
251,TRUE,1,61,523,16,2,FALSE,27.9,47
252,TRUE,1,13,1232,76,2,FALSE,19.4,41
253,FALSE,0,68,705,53,3,FALSE,28.1,52
254,TRUE,1,16,1155,75,2,FALSE,24.6,26
255,FALSE,0,57,724,51,3,FALSE,22.2,54
256,FALSE,0,30,993,45,4,FALSE,26.7,46
257,FALSE,0,44,784,46,2,FALSE,19.2,54
258,FALSE,0,54,687,21,2,FALSE,25.6,34
259,FALSE,0,20,1255,69,3,FALSE,28.1,33
260,FALSE,0,29,953,58,5,FALSE,22.3,38
261,TRUE,1,19,935,43,5,FALSE,18.4,37
262,TRUE,1,43,776,40,5,FALSE,27.7,66
263,FALSE,0,44,999,89,3,FALSE,26.3,70
264,TRUE,1,38,637,9,6,TRUE,22.7,45
265,FALSE,0,36,1041,78,3,FALSE,30.9,43
266,FALSE,0,74,541,42,3,FALSE,24.6,43
267,FALSE,0,43,816,43,2,FALSE,22.3,49
268,TRUE,1,26,994,73,2,FALSE,28.3,49
269,FALSE,0,45,919,81,1,FALSE,25.6,52
270,TRUE,1,21,966,39,3,FALSE,25,37
271,FALSE,0,32,900,50,5,FALSE,22.7,36
272,FALSE,0,46,773,32,1,FALSE,19.3,64
273,FALSE,0,52,876,61,1,FALSE,31.4,40
274,TRUE,1,30,799,34,2,FALSE,23.8,52
275,TRUE,1,13,1281,64,4,FALSE,24.2,47
276,FALSE,0,29,872,49,4,FALSE,18.3,34
277,FALSE,0,36,923,32,6,FALSE,25.6,56
278,TRUE,1,25,923,35,3,FALSE,25.4,50
279,TRUE,1,25,1127,95,1,FALSE,29.8,67
280,TRUE,1,25,933,54,3,FALSE,24.3,49
281,TRUE,1,24,884,49,4,FALSE,20.7,43
282,TRUE,1,17,1083,54,2,FALSE,18.7,51
283,TRUE,1,22,918,53,2,FALSE,22.3,31
284,TRUE,1,10,1353,80,2,FALSE,20.1,36
285,FALSE,0,61,788,33,1,FALSE,31.4,55
286,FALSE,0,42,869,35,2,FALSE,27.8,43
287,TRUE,1,17,1215,61,1,FALSE,29,47
288,FALSE,0,29,995,61,2,FALSE,23.3,46
289,FALSE,0,43,864,31,1,FALSE,29.2,39
290,FALSE,0,34,780,29,3,FALSE,21.7,19
291,FALSE,0,57,691,33,2,FALSE,22.7,52
292,FALSE,0,87,397,15,1,FALSE,27,58
293,TRUE,1,12,1376,81,1,FALSE,30,30
294,FALSE,0,34,996,59,5,FALSE,23.3,68
295,TRUE,1,21,947,57,4,FALSE,17.3,53
296,TRUE,1,17,1246,74,4,FALSE,24.8,66
297,FALSE,0,23,1156,50,6,FALSE,29.8,34
298,FALSE,0,35,967,41,1,FALSE,27.9,50
299,TRUE,1,20,951,48,1,FALSE,18.9,46
300,TRUE,1,18,1088,67,4,FALSE,18.7,58
301,FALSE,0,30,1013,80,4,FALSE,25.2,40
302,TRUE,1,42,696,34,1,FALSE,26.1,47
303,FALSE,0,36,833,33,4,FALSE,25.8,23
304,FALSE,0,55,663,53,4,FALSE,20.3,37
305,FALSE,0,39,909,49,3,FALSE,25.7,49
306,FALSE,0,26,1009,72,3,FALSE,19.5,38
307,TRUE,1,19,1016,59,2,FALSE,20.1,47
308,FALSE,0,30,1066,81,1,FALSE,28.1,41
309,TRUE,1,43,795,55,3,FALSE,29.6,56
310,FALSE,0,35,849,33,3,FALSE,18.1,64
311,FALSE,0,29,1018,80,2,FALSE,24.5,36
312,FALSE,0,27,991,44,3,FALSE,22.1,43
313,FALSE,0,56,778,35,4,FALSE,25,68
314,TRUE,1,18,1000,56,1,FALSE,22.6,17
315,TRUE,1,30,708,46,2,FALSE,18.2,43
316,FALSE,0,86,442,28,4,FALSE,24.8,76
317,FALSE,0,63,782,47,4,FALSE,25.8,78
318,FALSE,0,27,1105,63,2,FALSE,27.6,50
319,FALSE,0,27,1070,52,2,FALSE,28.9,36
320,TRUE,1,45,617,25,4,FALSE,23.2,50
321,TRUE,1,33,684,18,4,FALSE,22.9,38
322,TRUE,1,26,945,65,2,FALSE,20.9,68
323,TRUE,1,10,1398,100,2,FALSE,21.7,36
324,TRUE,1,20,1058,56,4,FALSE,24.2,53
325,FALSE,0,75,613,27,1,FALSE,29.9,56
326,FALSE,0,42,788,23,1,FALSE,24.6,37
327,TRUE,1,24,1005,63,9,FALSE,24,60
328,FALSE,0,41,692,26,1,FALSE,17.1,37
329,FALSE,0,67,773,60,2,FALSE,30.6,56
330,FALSE,0,41,863,43,5,FALSE,21.7,63
331,FALSE,0,33,918,55,3,FALSE,24.6,34
332,FALSE,0,50,768,54,2,FALSE,18.8,63
333,FALSE,0,47,790,41,4,FALSE,24.9,41
334,TRUE,1,42,713,38,4,FALSE,26.2,52
335,TRUE,1,18,1174,67,2,FALSE,25.9,50
336,FALSE,0,26,941,43,3,FALSE,17.5,42
337,FALSE,0,29,1000,57,4,FALSE,22.6,51
338,FALSE,0,28,845,21,3,FALSE,19.7,30
339,FALSE,0,35,952,39,3,FALSE,28.1,46
340,TRUE,1,19,1217,90,6,FALSE,27.9,59
341,FALSE,0,46,708,34,3,FALSE,23.8,17
342,FALSE,0,23,1052,61,1,FALSE,21.6,27
343,FALSE,0,57,546,24,3,FALSE,17.8,31
344,FALSE,0,41,752,33,2,FALSE,22.8,25
345,FALSE,0,37,1011,49,3,FALSE,30.7,53
346,FALSE,0,47,808,17,2,FALSE,30.8,34
347,FALSE,0,25,932,54,6,FALSE,19.4,17
348,FALSE,0,57,760,30,2,FALSE,30.9,39
349,FALSE,0,33,964,46,2,FALSE,27.4,42
350,FALSE,0,26,1078,71,3,FALSE,20.9,60
351,FALSE,0,21,1134,81,2,FALSE,19.9,32
352,TRUE,1,36,806,45,6,FALSE,25.1,64
353,FALSE,0,47,797,28,3,FALSE,24.6,53
354,FALSE,0,45,842,20,2,FALSE,27.6,53
355,FALSE,0,24,949,27,3,FALSE,18.3,36
356,FALSE,0,55,785,51,7,FALSE,21.3,75
357,FALSE,0,66,688,39,3,FALSE,29.2,45
358,TRUE,1,19,1000,81,3,FALSE,20.2,22
359,FALSE,0,67,507,15,2,FALSE,20.1,45
360,TRUE,1,21,1027,51,4,FALSE,29.9,21
361,FALSE,0,53,774,43,2,FALSE,26.8,43
362,TRUE,1,20,1117,72,2,FALSE,28.5,42
363,FALSE,0,43,964,43,5,FALSE,31.1,57
364,TRUE,1,48,679,32,2,FALSE,25.9,62
365,FALSE,0,40,927,61,2,FALSE,28.2,37
366,FALSE,0,43,848,47,4,FALSE,21.9,59
367,TRUE,1,23,1134,85,2,FALSE,27.7,68
368,FALSE,0,44,914,62,1,FALSE,30.3,37
369,TRUE,1,22,1019,56,3,FALSE,26.7,38
370,TRUE,1,28,879,49,3,FALSE,25.1,57
371,FALSE,0,26,1087,63,3,FALSE,24.3,50
372,FALSE,0,47,802,42,2,FALSE,22.6,55
373,TRUE,1,25,815,19,5,FALSE,16.5,67
374,FALSE,0,53,857,68,3,FALSE,27.6,53
375,FALSE,0,55,896,51,3,FALSE,32,62
376,TRUE,1,27,911,40,6,FALSE,25.6,56
377,FALSE,0,46,880,40,4,FALSE,28.6,54
378,FALSE,0,35,839,49,2,FALSE,17.4,53
379,FALSE,0,39,968,41,2,FALSE,27.5,66
380,FALSE,0,27,920,51,6,FALSE,18.8,34
381,TRUE,1,15,1178,79,3,FALSE,22.7,32
382,TRUE,1,32,756,44,4,FALSE,20.6,56
383,TRUE,1,20,941,29,2,FALSE,20.5,46
384,FALSE,0,32,1061,54,4,FALSE,31.2,49
385,FALSE,0,29,1020,56,3,FALSE,22.9,58
386,TRUE,1,45,605,22,5,TRUE,21.1,58
387,FALSE,0,51,850,40,2,FALSE,31.4,44
388,FALSE,0,59,655,21,2,FALSE,24.7,43
389,FALSE,0,30,939,36,1,FALSE,23,49
390,FALSE,0,65,758,50,2,FALSE,28.2,62
391,TRUE,1,14,1277,60,6,FALSE,25.6,54
392,FALSE,0,63,776,64,2,FALSE,25.8,68
393,TRUE,1,29,936,62,4,FALSE,30.4,47
394,FALSE,0,63,686,50,4,FALSE,22.1,63
395,TRUE,1,23,1083,70,1,FALSE,27.4,60
396,TRUE,1,26,819,59,2,FALSE,16.6,56
397,FALSE,0,57,624,36,2,FALSE,17.5,53
398,FALSE,0,52,629,15,1,FALSE,19.2,44
399,FALSE,0,30,1031,65,1,FALSE,27.1,46
400,FALSE,0,36,999,65,7,FALSE,27.6,51
401,TRUE,1,53,509,22,7,TRUE,21.1,48
402,TRUE,1,19,1035,54,2,FALSE,18.1,61
403,TRUE,1,48,707,51,5,FALSE,28.9,46
404,TRUE,1,17,1062,67,3,FALSE,18.2,47
405,FALSE,0,24,1121,60,2,FALSE,25.8,41
406,FALSE,0,51,693,43,3,FALSE,19.3,46
407,FALSE,0,48,834,61,4,FALSE,25.1,47
408,FALSE,0,28,992,37,1,FALSE,31.4,15
409,FALSE,0,37,853,53,2,FALSE,24.1,29
410,FALSE,0,65,673,37,4,FALSE,27.2,47
411,FALSE,0,35,952,53,2,FALSE,26.9,44
412,FALSE,0,26,1084,62,4,FALSE,28.3,31
413,FALSE,0,23,1118,75,2,FALSE,26.8,20
414,FALSE,0,60,784,42,3,FALSE,31.9,43
415,FALSE,0,28,1065,59,2,FALSE,24.2,57
416,TRUE,1,19,1061,67,2,FALSE,16.2,72
417,FALSE,0,78,462,12,6,TRUE,25.1,47
418,FALSE,0,58,782,58,2,FALSE,23.5,68
419,FALSE,0,54,779,45,3,FALSE,26.4,49
420,TRUE,1,23,1038,83,1,FALSE,24.8,49
421,TRUE,1,26,1036,77,3,FALSE,29.5,52
422,FALSE,0,48,814,54,3,FALSE,26.4,35
423,FALSE,0,26,1181,77,3,FALSE,29.6,47
424,FALSE,0,64,736,44,2,FALSE,27.1,60
425,FALSE,0,28,1024,57,5,FALSE,26.8,37
426,FALSE,0,43,889,51,3,FALSE,27.6,43
427,FALSE,0,42,714,20,2,FALSE,21.1,32
428,FALSE,0,52,680,12,2,FALSE,21.6,53
429,FALSE,0,76,557,18,2,FALSE,28,54
430,TRUE,1,56,550,39,5,TRUE,21.7,57
431,FALSE,0,28,1051,76,6,FALSE,27.3,31
432,FALSE,0,57,739,31,3,FALSE,26.9,49
433,FALSE,0,22,1039,51,2,FALSE,18.4,34
434,TRUE,1,11,1357,87,8,FALSE,20.4,48
435,TRUE,1,26,1096,78,2,FALSE,30.7,66
436,FALSE,0,31,861,43,3,FALSE,19.2,41
437,FALSE,0,63,738,51,1,FALSE,26.7,58
438,FALSE,0,18,1312,71,3,FALSE,27.8,37
439,FALSE,0,28,1102,63,1,FALSE,29.8,41
440,FALSE,0,74,608,42,2,FALSE,26.7,54
441,FALSE,0,43,838,42,2,FALSE,26.4,38
442,FALSE,0,25,1031,56,3,FALSE,23.9,24
443,FALSE,0,37,913,44,4,FALSE,22.3,65
444,FALSE,0,44,840,48,2,FALSE,23.6,53
445,TRUE,1,13,1200,70,5,FALSE,18,39
446,FALSE,0,29,903,55,4,FALSE,22.3,20
447,FALSE,0,29,1099,67,4,FALSE,23.9,74
448,FALSE,0,56,961,68,2,FALSE,28.4,95
449,FALSE,0,34,977,73,2,FALSE,24.2,51
450,FALSE,0,25,1018,57,3,FALSE,16.1,59
451,TRUE,1,25,879,36,3,FALSE,19.4,65
452,FALSE,0,27,1071,48,2,FALSE,29.5,38
453,TRUE,1,19,967,42,2,FALSE,17.9,43
454,FALSE,0,24,1018,71,1,FALSE,21,23
455,TRUE,1,26,901,44,2,FALSE,26.7,37
456,TRUE,1,50,676,36,5,TRUE,27.7,56
457,FALSE,0,42,872,64,4,FALSE,24.4,44
458,TRUE,1,27,750,31,4,FALSE,18.9,45
459,FALSE,0,71,588,29,2,FALSE,26.8,46
460,FALSE,0,28,934,46,1,FALSE,23.7,22
461,FALSE,0,61,716,19,6,FALSE,27.3,59
462,FALSE,0,25,991,60,3,FALSE,20.1,27
463,TRUE,1,30,778,62,3,FALSE,20.8,45
464,FALSE,0,34,811,45,2,FALSE,17.3,41
465,FALSE,0,34,955,78,3,FALSE,22.8,45
466,FALSE,0,84,449,13,2,FALSE,26.1,68
467,TRUE,1,19,1021,52,2,FALSE,21.9,39
468,FALSE,0,66,596,57,4,FALSE,21.7,37
469,FALSE,0,25,1137,74,2,FALSE,30.1,26
470,FALSE,0,37,759,20,4,FALSE,19.9,36
471,TRUE,1,27,916,64,1,FALSE,29.1,31
472,FALSE,0,37,967,94,4,FALSE,21.9,53
473,FALSE,0,40,918,72,3,FALSE,26.8,36
474,TRUE,1,31,808,18,4,FALSE,27.6,52
475,FALSE,0,36,813,56,3,FALSE,16.6,46
476,FALSE,0,32,887,65,3,FALSE,22,28
477,TRUE,1,16,1127,72,3,FALSE,20.3,37
478,TRUE,1,43,678,53,1,FALSE,20.5,60
479,FALSE,0,28,1183,65,2,FALSE,31.3,60
480,TRUE,1,53,537,34,4,FALSE,15.8,76
481,TRUE,1,18,1170,61,2,FALSE,28.6,48
482,FALSE,0,51,591,27,4,FALSE,17.8,27
483,FALSE,0,36,877,29,2,FALSE,26.6,37
484,FALSE,0,48,782,53,4,FALSE,21.1,53
485,FALSE,0,33,1130,87,5,FALSE,27.8,74
486,FALSE,0,55,799,42,1,FALSE,28.8,49
487,FALSE,0,64,789,59,1,FALSE,28.6,64
488,TRUE,1,19,1067,57,4,FALSE,21.9,58
489,TRUE,1,17,1188,82,3,FALSE,27.5,31
490,FALSE,0,52,823,35,4,FALSE,30.2,45
491,FALSE,0,27,986,27,6,FALSE,19.4,66
492,FALSE,0,67,646,41,1,FALSE,23.5,60
493,FALSE,0,62,575,46,3,FALSE,15.7,54
494,FALSE,0,51,806,37,4,FALSE,26.1,54
495,TRUE,1,27,841,46,1,FALSE,24.1,41
496,TRUE,1,22,815,7,7,FALSE,20.3,29
497,FALSE,0,59,884,61,2,FALSE,31.5,66
498,FALSE,0,58,677,35,1,FALSE,26.8,28
499,FALSE,0,35,804,31,4,FALSE,21.1,34
500,FALSE,0,23,1228,78,4,FALSE,26.2,56
501,FALSE,0,27,924,38,2,FALSE,21.7,30
502,FALSE,0,45,685,35,2,FALSE,16.9,40
503,TRUE,1,12,1222,79,2,FALSE,17.4,31
504,TRUE,1,18,1077,62,1,FALSE,19.4,56
505,FALSE,0,27,1060,59,2,FALSE,23.3,54
506,TRUE,1,24,953,47,2,FALSE,23.7,54
507,FALSE,0,44,710,31,3,FALSE,16.1,54
508,FALSE,0,25,1155,61,3,FALSE,26.7,55
509,FALSE,0,27,1059,48,5,FALSE,23.8,57
510,FALSE,0,26,946,60,2,FALSE,20.7,20
511,TRUE,1,28,951,67,3,FALSE,28.8,46
512,FALSE,0,32,895,49,1,FALSE,19.8,49
513,TRUE,1,16,1257,53,5,FALSE,27.9,58
514,FALSE,0,23,1184,71,2,FALSE,28.3,31
515,FALSE,0,34,900,53,4,FALSE,23.1,41
516,FALSE,0,42,786,30,2,FALSE,24.6,33
517,FALSE,0,48,950,60,3,FALSE,30.3,62
518,FALSE,0,24,1105,66,4,FALSE,19.1,65
519,TRUE,1,20,1045,79,1,FALSE,19.2,59
520,TRUE,1,34,696,37,4,FALSE,23.8,31
521,TRUE,1,25,931,58,2,FALSE,23,54
522,TRUE,1,31,682,25,2,FALSE,15.6,64
523,FALSE,0,52,915,71,2,FALSE,31.1,50
524,FALSE,0,32,961,52,1,FALSE,26.2,40
525,FALSE,0,26,911,54,3,FALSE,16.4,32
526,FALSE,0,46,789,38,4,FALSE,25.1,38
527,FALSE,0,50,762,35,5,FALSE,21.9,58
528,TRUE,1,19,1125,72,1,FALSE,26.3,42
529,TRUE,1,55,658,34,7,TRUE,30.8,51
530,FALSE,0,62,743,49,2,FALSE,24.9,66
531,TRUE,1,61,625,28,5,TRUE,31.6,56
532,TRUE,1,21,1119,63,4,FALSE,25.3,67
533,FALSE,0,53,531,21,3,FALSE,15.9,24
534,TRUE,1,14,1184,77,4,FALSE,19.3,44
535,FALSE,0,56,708,47,1,FALSE,22.4,49
536,FALSE,0,25,1066,58,4,FALSE,20.1,56
537,TRUE,1,32,683,15,2,FALSE,24.3,31
538,FALSE,0,90,413,41,4,FALSE,29.8,59
539,FALSE,0,53,811,43,3,FALSE,27.6,52
540,TRUE,1,19,1198,75,2,FALSE,28.5,51
541,TRUE,1,62,538,19,4,FALSE,27.8,55
542,FALSE,0,60,618,27,1,FALSE,21.3,46
543,TRUE,1,17,1101,58,4,FALSE,18.4,61
544,FALSE,0,23,1223,67,2,FALSE,26.6,57
545,FALSE,0,39,1049,91,4,FALSE,30.9,46
546,FALSE,0,77,519,29,6,TRUE,23.5,62
547,FALSE,0,58,759,50,1,FALSE,26.1,52
548,TRUE,1,15,1169,83,4,FALSE,17.1,57
549,TRUE,1,26,766,55,4,FALSE,16.4,39
550,TRUE,1,20,1140,77,2,FALSE,24,70
551,FALSE,0,51,727,36,2,FALSE,22.2,48
552,FALSE,0,54,869,66,2,FALSE,28.1,59
553,FALSE,0,47,834,65,3,FALSE,23.7,46
554,TRUE,1,29,743,55,5,FALSE,17.9,44
555,TRUE,1,11,1402,100,3,FALSE,21.1,59
556,FALSE,0,35,900,65,3,FALSE,24.9,25
557,TRUE,1,22,934,47,3,FALSE,19.3,54
558,FALSE,0,67,585,24,3,FALSE,22.3,53
559,FALSE,0,20,1160,71,3,FALSE,26.3,10
560,FALSE,0,26,1035,58,1,FALSE,20.1,53
561,FALSE,0,22,1117,51,1,FALSE,28.5,17
562,TRUE,1,18,1016,51,5,FALSE,16.9,57
563,TRUE,1,16,1177,86,4,FALSE,21.2,41
564,FALSE,0,42,879,58,2,FALSE,26.3,38
565,TRUE,1,29,763,35,3,FALSE,21.4,48
566,TRUE,1,13,1469,99,3,FALSE,27.7,67
567,TRUE,1,27,852,63,2,FALSE,22.6,39
568,TRUE,1,29,838,50,4,FALSE,23.8,55
569,TRUE,1,14,1321,98,3,FALSE,24.4,52
570,FALSE,0,75,516,32,5,TRUE,27.3,31
571,FALSE,0,46,648,33,3,FALSE,18.4,23
572,TRUE,1,14,1123,64,5,FALSE,20.8,20
573,TRUE,1,15,1226,86,3,FALSE,19.7,55
574,FALSE,0,25,977,47,3,FALSE,18.2,47
575,TRUE,1,25,1078,81,6,FALSE,26.4,73
576,FALSE,0,54,805,64,4,FALSE,24.4,56
577,FALSE,0,57,836,33,3,FALSE,31.8,59
578,FALSE,0,29,1074,54,1,FALSE,26,66
579,FALSE,0,59,649,34,3,FALSE,23.1,41
580,FALSE,0,38,949,48,3,FALSE,27,55
581,FALSE,0,51,790,35,5,FALSE,24.5,60
582,TRUE,1,20,1134,60,4,FALSE,25.9,67
583,TRUE,1,52,569,49,4,FALSE,19.1,58
584,FALSE,0,43,796,50,2,FALSE,18.9,53
585,TRUE,1,23,985,53,5,FALSE,28.4,35
586,FALSE,0,22,1121,66,2,FALSE,18.7,58
587,FALSE,0,58,763,41,2,FALSE,26.9,55
588,TRUE,1,28,788,38,3,FALSE,18.8,56
589,TRUE,1,38,690,41,6,TRUE,20.7,54
590,FALSE,0,24,1064,64,3,FALSE,19.8,45
591,TRUE,1,31,910,64,3,FALSE,30.7,47
592,TRUE,1,30,848,54,1,FALSE,24,57
593,TRUE,1,47,578,33,6,TRUE,20.7,50
594,TRUE,1,28,795,42,1,FALSE,23,36
595,FALSE,0,40,751,36,1,FALSE,17.7,44
596,FALSE,0,47,855,65,5,FALSE,28.5,29
597,FALSE,0,36,897,49,3,FALSE,26.1,34
598,TRUE,1,22,1024,62,2,FALSE,25.8,46
599,TRUE,1,15,1142,85,5,FALSE,20.1,22
600,FALSE,0,28,962,48,1,FALSE,25.1,24
601,FALSE,0,45,837,21,2,FALSE,25.2,63
602,FALSE,0,50,777,37,4,FALSE,26.4,40
603,FALSE,0,38,743,41,2,FALSE,19.7,22
604,TRUE,1,26,779,26,2,FALSE,18.7,46
605,TRUE,1,46,684,32,2,FALSE,24.1,66
606,FALSE,0,34,860,37,4,FALSE,18.7,57
607,FALSE,0,26,1094,52,2,FALSE,25.7,54
608,FALSE,0,47,796,34,4,FALSE,21.7,64
609,FALSE,0,51,719,45,2,FALSE,22.8,37
610,TRUE,1,25,951,58,2,FALSE,23.2,58
611,FALSE,0,26,1065,68,3,FALSE,24.1,39
612,TRUE,1,37,665,27,1,FALSE,21.2,48
613,FALSE,0,46,938,52,1,FALSE,26,79
614,FALSE,0,47,750,42,7,FALSE,18.1,61
615,TRUE,1,16,1163,65,3,FALSE,20.9,58
616,FALSE,0,27,967,56,4,FALSE,21.2,32
617,TRUE,1,23,902,60,5,FALSE,19.8,37
618,TRUE,1,28,1090,80,4,FALSE,30.7,80
619,FALSE,0,38,802,46,6,FALSE,20.9,32
620,FALSE,0,27,1019,54,1,FALSE,22.6,51
621,FALSE,0,61,742,8,5,FALSE,30.6,60
622,TRUE,1,28,851,34,5,FALSE,23.6,62
623,FALSE,0,33,923,45,4,FALSE,20.3,63
624,FALSE,0,27,963,53,2,FALSE,18.4,45
625,FALSE,0,21,1243,76,1,FALSE,28.2,36
626,FALSE,0,27,1050,68,2,FALSE,23.1,43
627,FALSE,0,50,691,37,2,FALSE,21.3,35
628,FALSE,0,46,818,36,4,FALSE,23.9,56
629,FALSE,0,35,974,55,2,FALSE,23.8,63
630,TRUE,1,53,576,23,2,FALSE,19.5,77
631,TRUE,1,28,965,61,4,FALSE,30.3,53
632,FALSE,0,22,1096,61,4,FALSE,22,35
633,TRUE,1,19,1091,44,3,FALSE,24.6,62
634,TRUE,1,46,724,30,4,FALSE,28.3,60
635,TRUE,1,23,959,48,1,FALSE,24.2,44
636,TRUE,1,27,834,48,2,FALSE,25.7,26
637,FALSE,0,24,1132,56,6,FALSE,23.8,58
638,FALSE,0,48,969,83,4,FALSE,28.6,63
639,TRUE,1,28,820,54,4,FALSE,21.9,43
640,TRUE,1,17,1164,78,3,FALSE,21.8,55
641,TRUE,1,26,795,49,3,FALSE,18.2,44
642,TRUE,1,27,913,44,4,FALSE,25.9,57
643,TRUE,1,16,1254,72,5,FALSE,29.3,46
644,TRUE,1,17,1036,58,2,FALSE,17.9,43
645,FALSE,0,23,1193,83,1,FALSE,24.6,49
646,FALSE,0,43,938,46,3,FALSE,31.8,44
647,TRUE,1,19,938,40,4,FALSE,18.6,39
648,FALSE,0,63,762,51,1,FALSE,30.8,43
649,FALSE,0,35,1014,54,2,FALSE,30.4,47
650,TRUE,1,21,1036,48,3,FALSE,25.5,51
651,TRUE,1,41,737,40,4,FALSE,23.3,69
652,FALSE,0,28,803,17,5,FALSE,17.5,29
653,FALSE,0,29,993,63,3,FALSE,22.9,45
654,TRUE,1,18,1074,59,3,FALSE,19.1,56
655,TRUE,1,50,674,33,4,FALSE,24.4,72
656,FALSE,0,46,709,23,5,FALSE,18.4,54
657,FALSE,0,35,994,62,5,FALSE,27.6,47
658,FALSE,0,40,880,61,1,FALSE,23.8,43
659,FALSE,0,64,718,32,3,FALSE,29.1,53
660,FALSE,0,53,763,44,2,FALSE,22.1,61
661,TRUE,1,24,853,43,4,FALSE,18.7,45
662,FALSE,0,77,399,17,4,FALSE,18.6,50
663,TRUE,1,30,875,54,1,FALSE,27.6,51
664,FALSE,0,32,1004,37,4,FALSE,27.7,58
665,TRUE,1,25,999,64,2,FALSE,25.3,63
666,FALSE,0,38,846,47,1,FALSE,20.1,52
667,TRUE,1,24,942,53,5,FALSE,23.1,47
668,TRUE,1,23,998,71,2,FALSE,20.4,67
669,FALSE,0,71,550,34,3,FALSE,22.6,50
670,FALSE,0,25,1036,46,2,FALSE,17.7,70
671,TRUE,1,27,941,64,1,FALSE,27.7,47
672,FALSE,0,24,1041,45,3,FALSE,19.1,56
673,FALSE,0,71,512,31,1,FALSE,24.8,26
674,TRUE,1,21,989,75,2,FALSE,18.9,46
675,TRUE,1,19,1137,67,3,FALSE,26.9,47
676,FALSE,0,47,696,34,3,FALSE,19.8,37
677,FALSE,0,29,954,52,4,FALSE,23.9,33
678,FALSE,0,33,928,45,2,FALSE,21.1,61
679,TRUE,1,56,612,29,3,FALSE,27,60
680,TRUE,1,22,878,45,3,FALSE,19.7,29
681,FALSE,0,47,652,8,4,FALSE,16.5,54
682,FALSE,0,24,1079,50,4,FALSE,25.3,32
683,TRUE,1,19,1144,78,4,FALSE,28.7,33
684,FALSE,0,39,853,45,5,FALSE,21.3,55
685,TRUE,1,25,1006,77,6,FALSE,29.1,38
686,TRUE,1,28,798,43,3,FALSE,17.8,61
687,FALSE,0,36,840,37,3,FALSE,20.8,48
688,FALSE,0,41,1030,85,2,FALSE,29.6,55
689,FALSE,0,21,1036,47,3,FALSE,16.6,40
690,FALSE,0,46,820,58,2,FALSE,25.9,32
691,FALSE,0,50,803,47,1,FALSE,22.7,60
692,FALSE,0,30,955,63,3,FALSE,20.1,51
693,TRUE,1,20,990,42,3,FALSE,22.6,44
694,TRUE,1,19,1065,56,2,FALSE,22,49
695,FALSE,0,51,793,50,2,FALSE,21.2,66
696,FALSE,0,32,861,19,3,FALSE,24,38
697,FALSE,0,51,759,57,2,FALSE,23.6,37
698,FALSE,0,34,931,49,1,FALSE,25.8,39
699,FALSE,0,53,569,18,3,FALSE,18.6,25
700,TRUE,1,24,895,34,2,FALSE,19.8,59
701,FALSE,0,27,1066,95,4,FALSE,19.6,50
702,TRUE,1,26,918,51,2,FALSE,24.3,51
703,FALSE,0,22,1265,75,1,FALSE,29.3,47
704,TRUE,1,29,654,22,5,TRUE,16.8,40
705,TRUE,1,16,1131,58,2,FALSE,23.9,36
706,FALSE,0,37,1050,53,3,FALSE,31.8,60
707,TRUE,1,27,812,43,3,FALSE,25.3,28
708,FALSE,0,48,844,45,2,FALSE,26.2,54
709,TRUE,1,20,1031,65,2,FALSE,23.4,37
710,FALSE,0,66,580,20,3,FALSE,22.2,52
711,FALSE,0,52,667,37,3,FALSE,20.5,37
712,TRUE,1,27,934,64,3,FALSE,28.1,40
713,FALSE,0,28,1045,45,3,FALSE,22.6,72
714,TRUE,1,37,844,45,4,FALSE,29.9,57
715,FALSE,0,61,579,29,3,FALSE,24.9,18
716,TRUE,1,31,841,62,2,FALSE,24.8,49
717,TRUE,1,16,1158,69,1,FALSE,22.8,41
718,FALSE,0,55,639,54,1,FALSE,19,32
719,FALSE,0,22,1188,63,7,FALSE,24,51
720,FALSE,0,56,767,27,1,FALSE,28.8,49
721,FALSE,0,24,1180,63,3,FALSE,28.7,43
722,TRUE,1,23,1005,51,4,FALSE,20.5,75
723,FALSE,0,22,1053,61,4,FALSE,22.1,16
724,TRUE,1,18,1125,86,5,FALSE,18.8,59
725,FALSE,0,21,1315,87,3,FALSE,29.5,44
726,FALSE,0,52,794,36,4,FALSE,25.9,57
727,FALSE,0,28,968,64,4,FALSE,20.7,41
728,FALSE,0,35,1070,87,3,FALSE,31.9,39
729,FALSE,0,47,751,22,4,FALSE,28.1,24
730,TRUE,1,33,799,34,1,FALSE,28.3,45
731,TRUE,1,24,962,50,3,FALSE,19.2,82
732,FALSE,0,34,861,23,5,FALSE,19.9,61
733,FALSE,0,44,951,56,3,FALSE,26.8,71
734,FALSE,0,59,820,57,5,FALSE,28.6,60
735,TRUE,1,26,820,36,2,FALSE,17.3,64
736,TRUE,1,21,1171,77,2,FALSE,28.3,60
737,FALSE,0,77,495,27,4,FALSE,23,54
738,TRUE,1,17,1084,75,7,FALSE,19.7,39
739,FALSE,0,72,613,19,2,FALSE,31.7,40
740,TRUE,1,19,1037,48,1,FALSE,26.1,25
741,FALSE,0,25,1141,78,7,FALSE,25.5,48
742,TRUE,1,29,945,54,2,FALSE,28.8,60
743,FALSE,0,26,1130,74,1,FALSE,23.3,62
744,TRUE,1,26,968,48,3,FALSE,28.7,49
745,FALSE,0,29,948,64,2,FALSE,21.2,40
746,FALSE,0,62,898,49,3,FALSE,30.4,94
747,FALSE,0,35,1020,64,4,FALSE,27.5,58
748,FALSE,0,41,753,18,1,FALSE,15.9,67
749,FALSE,0,49,807,40,4,FALSE,27.1,43
750,TRUE,1,24,826,53,6,FALSE,15.8,47
751,TRUE,1,14,1204,58,2,FALSE,20.2,54
752,FALSE,0,26,1102,88,2,FALSE,17.1,71
753,TRUE,1,26,785,44,2,FALSE,18.5,43
754,TRUE,1,20,1064,76,1,FALSE,19.8,60
755,FALSE,0,32,949,36,3,FALSE,31.7,18
756,TRUE,1,23,1015,71,3,FALSE,26.3,41
757,TRUE,1,29,849,41,3,FALSE,29.8,30
758,TRUE,1,31,798,29,5,FALSE,23.3,63
759,FALSE,0,56,836,65,1,FALSE,29.9,45
760,FALSE,0,23,1126,71,2,FALSE,22.8,42
761,TRUE,1,23,921,54,3,FALSE,17.2,67
762,FALSE,0,49,745,47,2,FALSE,17.4,63
763,FALSE,0,43,744,26,3,FALSE,22.1,35
764,TRUE,1,28,920,58,3,FALSE,26.8,54
765,TRUE,1,45,710,54,3,FALSE,30.1,30
766,FALSE,0,30,976,57,2,FALSE,25.2,41
767,FALSE,0,43,954,56,2,FALSE,26.2,70
768,FALSE,0,31,1047,75,3,FALSE,23.1,68
769,FALSE,0,44,992,58,4,FALSE,31.1,63
770,TRUE,1,49,495,5,3,FALSE,21.6,40
771,TRUE,1,25,691,24,5,TRUE,17.1,21
772,FALSE,0,20,1119,61,4,FALSE,20.4,31
773,FALSE,0,44,928,44,3,FALSE,28.7,61
774,FALSE,0,44,717,22,4,FALSE,19.9,44
775,TRUE,1,25,771,49,1,FALSE,20.4,17
776,FALSE,0,80,383,6,2,FALSE,22.4,45
777,FALSE,0,71,558,13,2,FALSE,21.8,67
778,FALSE,0,42,903,44,3,FALSE,26.3,57
779,TRUE,1,29,685,26,3,FALSE,19.3,36
780,FALSE,0,50,598,25,4,FALSE,18,26
781,FALSE,0,42,876,64,2,FALSE,25.8,36
782,FALSE,0,43,960,47,4,FALSE,32.1,48
783,FALSE,0,26,1153,55,1,FALSE,28.2,60
784,FALSE,0,23,992,68,3,FALSE,17.8,20
785,TRUE,1,31,782,33,4,FALSE,21.8,62
786,TRUE,1,22,1046,70,3,FALSE,25.2,48
787,FALSE,0,41,851,41,2,FALSE,22.4,56
788,FALSE,0,36,845,61,1,FALSE,22.6,24
789,TRUE,1,51,432,13,2,FALSE,17.6,38
790,TRUE,1,53,644,28,5,TRUE,31.3,41
791,TRUE,1,37,689,44,5,TRUE,18.1,62
792,TRUE,1,16,1274,79,3,FALSE,25.2,62
793,FALSE,0,68,724,46,2,FALSE,30.3,54
794,FALSE,0,77,431,12,3,FALSE,17.9,70
795,FALSE,0,51,661,18,4,FALSE,20.9,40
796,FALSE,0,39,984,66,3,FALSE,26.3,62
797,FALSE,0,75,480,26,1,FALSE,21.9,47
798,FALSE,0,55,839,59,2,FALSE,31.4,38
799,FALSE,0,32,999,51,2,FALSE,24.7,61
800,FALSE,0,52,880,60,2,FALSE,26.6,67
801,FALSE,0,43,877,78,3,FALSE,20.3,60
802,FALSE,0,26,1016,70,2,FALSE,19.8,40
803,TRUE,1,27,915,52,1,FALSE,28.5,41
804,TRUE,1,29,895,55,1,FALSE,24.4,67
805,FALSE,0,43,774,38,2,FALSE,19.6,53
806,TRUE,1,25,938,57,6,FALSE,22.4,59
807,FALSE,0,28,974,52,3,FALSE,22.1,43
808,TRUE,1,22,1059,64,3,FALSE,23.6,65
809,FALSE,0,35,855,54,4,FALSE,21.1,36
810,FALSE,0,47,914,38,3,FALSE,30.8,56
811,FALSE,0,33,856,34,1,FALSE,22.3,36
812,TRUE,1,15,1078,47,4,FALSE,23.9,13
813,TRUE,1,24,795,54,2,FALSE,17.6,29
814,TRUE,1,11,1404,87,5,FALSE,22.8,50
815,TRUE,1,27,792,39,4,FALSE,16.7,60
816,FALSE,0,31,871,70,2,FALSE,20.2,23
817,FALSE,0,48,650,34,2,FALSE,18.6,30
818,FALSE,0,59,796,51,1,FALSE,25.4,72
819,FALSE,0,28,974,48,3,FALSE,23.4,42
820,FALSE,0,66,657,43,3,FALSE,24.7,55
821,TRUE,1,29,919,79,4,FALSE,28.6,40
822,TRUE,1,13,1293,86,2,FALSE,23.4,43
823,FALSE,0,56,760,39,3,FALSE,26.9,49
824,TRUE,1,22,972,70,7,FALSE,19.8,48
825,FALSE,0,34,881,47,4,FALSE,21.3,45
826,FALSE,0,15,1392,89,1,FALSE,22.3,41
827,FALSE,0,56,499,28,3,FALSE,18.4,5
828,TRUE,1,27,995,52,1,FALSE,26.5,74
829,FALSE,0,68,527,19,2,FALSE,16.1,73
830,FALSE,0,29,1021,56,4,FALSE,29,32
831,TRUE,1,26,870,48,1,FALSE,22.8,45
832,TRUE,1,16,1202,70,4,FALSE,21.4,67
833,TRUE,1,22,899,38,3,FALSE,16.4,62
834,FALSE,0,44,958,68,4,FALSE,26.7,65
835,FALSE,0,52,797,32,3,FALSE,31.1,33
836,FALSE,0,41,956,51,3,FALSE,23.4,84
837,TRUE,1,17,1203,61,4,FALSE,31.8,32
838,FALSE,0,74,633,37,3,FALSE,28.5,58
839,FALSE,0,47,768,16,2,FALSE,24.9,50
840,FALSE,0,51,767,39,1,FALSE,25.6,42
841,TRUE,1,51,664,47,6,TRUE,28.4,42
842,FALSE,0,49,723,45,4,FALSE,22.1,34
843,TRUE,1,21,1058,51,3,FALSE,21.7,70
844,FALSE,0,37,825,23,1,FALSE,21.5,49
845,FALSE,0,26,997,55,3,FALSE,18.8,51
846,FALSE,0,47,861,47,2,FALSE,27.4,51
847,TRUE,1,23,1034,67,5,FALSE,27.3,42
848,TRUE,1,16,1170,73,1,FALSE,25.1,32
849,TRUE,1,14,1311,96,2,FALSE,23.4,51
850,FALSE,0,53,754,51,1,FALSE,28.9,18
851,FALSE,0,28,1014,62,2,FALSE,26,28
852,TRUE,1,10,1292,67,4,FALSE,17.9,33
853,TRUE,1,45,643,28,7,TRUE,27.7,33
854,TRUE,1,12,1321,97,4,FALSE,18.7,49
855,FALSE,0,35,961,52,3,FALSE,22.1,70
856,FALSE,0,28,885,47,3,FALSE,20.2,26
857,TRUE,1,22,1051,64,6,FALSE,25.3,54
858,TRUE,1,24,943,66,1,FALSE,20.1,60
859,TRUE,1,26,828,59,1,FALSE,21.4,34
860,TRUE,1,20,1061,58,5,FALSE,23.8,47
861,FALSE,0,64,649,62,3,FALSE,19.3,59
862,FALSE,0,44,891,47,1,FALSE,28.8,44
863,FALSE,0,29,1042,77,3,FALSE,24.6,45
864,FALSE,0,56,857,49,3,FALSE,31.7,52
865,TRUE,1,17,1185,67,3,FALSE,27.2,47
866,FALSE,0,26,1069,83,2,FALSE,22.6,40
867,FALSE,0,25,1008,42,2,FALSE,20.1,46
868,TRUE,1,20,1002,50,1,FALSE,15.6,74
869,TRUE,1,20,1109,66,3,FALSE,24.1,60
870,TRUE,1,24,1003,72,3,FALSE,28.1,35
871,TRUE,1,15,1046,56,2,FALSE,17.1,30
872,FALSE,0,29,927,26,2,FALSE,23,43
873,TRUE,1,47,753,41,4,FALSE,28.7,66
874,FALSE,0,66,604,26,3,FALSE,23.5,52
875,FALSE,0,39,767,14,5,FALSE,22,38
876,FALSE,0,40,926,79,3,FALSE,21.3,60
877,TRUE,1,81,336,20,1,FALSE,29.2,46
878,FALSE,0,26,1036,52,4,FALSE,25.3,32
879,FALSE,0,23,1129,75,5,FALSE,20.4,54
880,TRUE,1,29,973,49,3,FALSE,30,69
881,TRUE,1,34,789,45,1,FALSE,25,54
882,FALSE,0,25,1177,73,5,FALSE,28,50
883,FALSE,0,25,1083,77,3,FALSE,22.1,38
884,FALSE,0,58,671,12,2,FALSE,24.2,56
885,FALSE,0,57,537,13,4,FALSE,18.3,33
886,TRUE,1,18,998,48,5,FALSE,21.1,24
887,TRUE,1,55,587,12,3,FALSE,28.9,47
888,TRUE,1,29,884,46,2,FALSE,27.8,47
889,FALSE,0,52,877,53,2,FALSE,24.6,81
890,FALSE,0,31,954,50,2,FALSE,27.3,31
891,TRUE,1,25,884,56,3,FALSE,20.4,50
892,TRUE,1,20,975,59,4,FALSE,15.6,59
893,TRUE,1,23,1007,58,3,FALSE,23,62
894,TRUE,1,27,798,30,3,FALSE,21.6,47
895,FALSE,0,24,974,48,4,FALSE,17.5,37
896,FALSE,0,45,711,31,4,FALSE,18.1,47
897,FALSE,0,48,798,39,1,FALSE,19.5,75
898,TRUE,1,51,594,35,2,FALSE,23,54
899,FALSE,0,28,945,51,1,FALSE,24.4,19
900,TRUE,1,25,990,50,4,FALSE,24.4,68
901,FALSE,0,44,808,39,5,FALSE,21.4,55
902,FALSE,0,60,754,40,3,FALSE,29,47
903,FALSE,0,56,752,43,4,FALSE,26.4,47
904,FALSE,0,41,860,36,3,FALSE,25.7,46
905,TRUE,1,24,841,31,3,FALSE,17.9,51
906,TRUE,1,27,820,33,3,FALSE,24.2,41
907,FALSE,0,21,1113,51,4,FALSE,18.5,51
908,TRUE,1,28,876,63,5,FALSE,26.9,35
909,TRUE,1,13,1441,99,4,FALSE,31.2,50
910,FALSE,0,20,1301,78,1,FALSE,24.3,63
911,TRUE,1,20,920,29,1,FALSE,15.9,55
912,TRUE,1,15,1252,71,1,FALSE,22.5,62
913,FALSE,0,52,711,43,5,FALSE,23.8,32
914,FALSE,0,43,869,59,3,FALSE,24,48
915,TRUE,1,25,896,49,2,FALSE,20.8,56
916,FALSE,0,47,719,26,6,FALSE,23.3,33
917,FALSE,0,39,1001,61,3,FALSE,26.6,69
918,TRUE,1,24,1034,63,3,FALSE,31.4,33
919,TRUE,1,20,1046,62,2,FALSE,23.2,50
920,FALSE,0,34,937,77,2,FALSE,21,50
921,FALSE,0,46,808,59,4,FALSE,21.7,49
922,FALSE,0,45,889,42,1,FALSE,30.1,45
923,FALSE,0,36,882,37,2,FALSE,22.2,54
924,TRUE,1,24,851,56,4,FALSE,20.2,33
925,FALSE,0,35,829,35,4,FALSE,22.9,30
926,TRUE,1,16,1286,87,4,FALSE,30.2,38
927,FALSE,0,80,463,24,2,FALSE,25.4,47
928,FALSE,0,53,903,64,3,FALSE,28.6,65
929,TRUE,1,19,1142,67,2,FALSE,23.4,70
930,TRUE,1,41,721,40,4,FALSE,25.2,52
931,FALSE,0,31,913,48,5,FALSE,20.2,53
932,TRUE,1,12,1288,74,2,FALSE,20.8,44
933,FALSE,0,51,613,24,4,FALSE,15.6,48
934,TRUE,1,24,809,34,3,FALSE,19.9,28
935,FALSE,0,51,858,43,6,FALSE,29.8,52
936,FALSE,0,58,543,11,2,FALSE,17.8,40
937,TRUE,1,14,1410,87,3,FALSE,30.7,52
938,TRUE,1,28,682,27,5,TRUE,16.7,43
939,TRUE,1,19,1170,81,5,FALSE,29.1,38
940,FALSE,0,40,889,75,1,FALSE,22.6,45
941,FALSE,0,24,1044,38,6,FALSE,23,42
942,FALSE,0,56,850,51,3,FALSE,29.1,63
943,TRUE,1,28,954,52,2,FALSE,29.8,51
944,TRUE,1,28,842,54,3,FALSE,22.3,54
945,TRUE,1,27,829,30,1,FALSE,27.4,30
946,FALSE,0,68,658,41,2,FALSE,23.5,69
947,FALSE,0,36,775,6,2,FALSE,19.5,50
948,FALSE,0,26,979,60,2,FALSE,19.5,36
949,FALSE,0,22,1194,80,3,FALSE,22.9,52
950,FALSE,0,45,853,33,2,FALSE,25.4,60
951,FALSE,0,37,1013,81,3,FALSE,31.9,28
952,FALSE,0,69,657,26,2,FALSE,25.4,71
953,FALSE,0,28,1000,55,6,FALSE,23.4,45
954,TRUE,1,25,1042,64,1,FALSE,28.7,63
955,TRUE,1,24,997,61,2,FALSE,26.5,49
956,TRUE,1,28,931,61,6,FALSE,29.2,43
957,FALSE,0,28,1069,70,3,FALSE,30.9,22
958,TRUE,1,21,860,41,1,FALSE,17.7,32
959,FALSE,0,49,718,30,3,FALSE,21.2,47
960,TRUE,1,25,849,38,3,FALSE,17.9,59
961,FALSE,0,28,965,50,3,FALSE,25.3,21
962,FALSE,0,23,1106,71,3,FALSE,16.1,67
963,FALSE,0,23,1218,79,3,FALSE,23.4,67
964,TRUE,1,28,801,52,2,FALSE,23.4,32
965,FALSE,0,51,725,43,5,FALSE,20.1,54
966,FALSE,0,34,1003,73,3,FALSE,29.1,33
967,TRUE,1,18,1054,63,3,FALSE,18.9,46
968,TRUE,1,32,834,56,1,FALSE,23.7,61
969,FALSE,0,37,954,53,4,FALSE,25,60
970,TRUE,1,18,971,50,3,FALSE,17.8,36
971,FALSE,0,22,1209,62,4,FALSE,28.7,42
972,TRUE,1,30,662,39,1,FALSE,17.6,34
973,TRUE,1,21,980,51,4,FALSE,21.1,52
974,TRUE,1,17,1094,64,2,FALSE,23.2,26
975,FALSE,0,25,959,46,2,FALSE,23.1,11
976,FALSE,0,42,823,49,3,FALSE,17.7,68
977,TRUE,1,22,1178,81,6,FALSE,26.8,79
978,FALSE,0,45,768,38,1,FALSE,22.4,41
979,FALSE,0,67,622,35,2,FALSE,23,58
980,TRUE,1,24,1017,42,3,FALSE,31.3,48
981,FALSE,0,38,1021,57,3,FALSE,28.4,68
982,TRUE,1,19,1021,61,4,FALSE,16.9,55
983,TRUE,1,78,301,24,5,TRUE,22.8,50
984,FALSE,0,32,797,16,3,FALSE,22.8,22
985,FALSE,0,31,981,60,5,FALSE,21.5,63
986,FALSE,0,31,865,51,4,FALSE,18.2,43
987,TRUE,1,20,1027,66,2,FALSE,24.9,28
988,FALSE,0,55,804,39,2,FALSE,30.3,45
989,FALSE,0,57,803,56,2,FALSE,29.3,46
990,TRUE,1,24,1060,81,3,FALSE,26.3,62
991,FALSE,0,62,726,58,1,FALSE,29.5,31
992,FALSE,0,39,921,59,2,FALSE,27.3,40
993,TRUE,1,18,1150,79,3,FALSE,20.7,68
994,FALSE,0,49,819,29,2,FALSE,24.6,67
995,TRUE,1,30,843,42,3,FALSE,23.8,64
996,FALSE,0,17,1299,78,4,FALSE,16.2,71
997,TRUE,1,16,1131,65,3,FALSE,20.5,50
998,FALSE,0,60,649,21,2,FALSE,25.8,39
999,FALSE,0,28,990,55,4,FALSE,20.8,55
1000,FALSE,0,28,1042,37,1,FALSE,25,62
1001,FALSE,0,66,822,67,2,FALSE,27.7,81
1002,FALSE,0,46,676,32,3,FALSE,21.4,20
1003,FALSE,0,42,779,62,2,FALSE,16.1,51
1004,TRUE,1,14,1164,47,4,FALSE,17.2,57
1005,FALSE,0,45,844,44,4,FALSE,25.9,47
1006,TRUE,1,15,1107,52,3,FALSE,23.4,26
1007,FALSE,0,23,1198,69,4,FALSE,24.1,58
1008,FALSE,0,36,813,16,2,FALSE,23.3,37
1009,FALSE,0,34,1047,69,1,FALSE,28.7,55
1010,FALSE,0,47,797,25,3,FALSE,23.6,60
1011,FALSE,0,31,990,72,3,FALSE,20.2,66
1012,FALSE,0,53,585,36,2,FALSE,17.4,26
1013,TRUE,1,16,1288,91,2,FALSE,24.7,63
1014,FALSE,0,72,628,30,3,FALSE,31.9,37
1015,FALSE,0,47,733,28,1,FALSE,25,30
1016,FALSE,0,44,928,66,4,FALSE,24.8,66
1017,FALSE,0,49,788,43,3,FALSE,21.3,64
1018,FALSE,0,24,1040,54,3,FALSE,20.7,44
1019,FALSE,0,65,628,31,3,FALSE,22.4,58
1020,FALSE,0,51,710,48,2,FALSE,21.5,36
1021,FALSE,0,46,825,52,3,FALSE,24.3,45
1022,FALSE,0,68,692,46,4,FALSE,29.8,46
1023,TRUE,1,16,1131,50,3,FALSE,22.5,44
1024,TRUE,1,27,1041,91,2,FALSE,28.5,58
1025,TRUE,1,16,1227,62,4,FALSE,22.8,69
1026,FALSE,0,49,777,43,2,FALSE,24.9,41
1027,FALSE,0,60,741,55,3,FALSE,26.6,47
1028,FALSE,0,50,908,54,3,FALSE,27.4,70
1029,TRUE,1,22,1010,73,2,FALSE,23.6,43
1030,FALSE,0,25,955,62,3,FALSE,21.6,11
1031,FALSE,0,25,1050,29,2,FALSE,23.7,55
1032,TRUE,1,13,1220,70,3,FALSE,21.4,35
1033,FALSE,0,36,765,53,3,FALSE,16.3,34
1034,FALSE,0,28,1146,64,1,FALSE,27.8,67
1035,TRUE,1,32,807,36,3,FALSE,20.2,82
1036,FALSE,0,31,991,52,3,FALSE,29.2,33
1037,FALSE,0,68,745,53,2,FALSE,29.3,62
1038,FALSE,0,79,455,10,3,FALSE,26.4,46
1039,FALSE,0,49,879,57,3,FALSE,28.8,50
1040,FALSE,0,59,730,32,3,FALSE,24.7,65
1041,TRUE,1,15,1159,79,4,FALSE,16.9,51
1042,FALSE,0,40,824,41,4,FALSE,24.1,36
1043,TRUE,1,24,1049,69,3,FALSE,29.8,41
1044,TRUE,1,26,876,46,3,FALSE,21.4,57
1045,FALSE,0,32,843,36,2,FALSE,24.6,15
1046,FALSE,0,26,992,39,1,FALSE,18.6,63
1047,FALSE,0,31,968,68,2,FALSE,26.7,26
1048,FALSE,0,29,1056,70,1,FALSE,26.1,48
1049,TRUE,1,28,684,19,5,TRUE,16.3,45
1050,FALSE,0,49,924,63,7,FALSE,27.8,66
1051,TRUE,1,18,1195,71,4,FALSE,27.2,50
1052,FALSE,0,51,768,39,4,FALSE,24.6,49
1053,FALSE,0,39,819,32,5,FALSE,19.6,57
1054,FALSE,0,64,711,39,3,FALSE,30.9,36
1055,FALSE,0,44,798,40,3,FALSE,22.8,45
1056,FALSE,0,29,1052,59,2,FALSE,24.3,64
1057,TRUE,1,43,742,27,3,FALSE,29.3,57
1058,FALSE,0,39,886,44,2,FALSE,28.4,30
1059,FALSE,0,50,830,47,2,FALSE,25.9,57
1060,FALSE,0,34,854,49,4,FALSE,22.6,28
1061,FALSE,0,36,989,52,4,FALSE,31.3,39
1062,TRUE,1,15,1150,61,2,FALSE,17.1,65
1063,FALSE,0,54,637,35,2,FALSE,24.3,16
1064,FALSE,0,53,614,17,2,FALSE,22.4,23
1065,FALSE,0,27,1009,68,1,FALSE,16.2,66
1066,TRUE,1,21,888,48,4,FALSE,18.2,36
1067,FALSE,0,42,824,26,3,FALSE,21.2,65
1068,TRUE,1,28,761,22,2,FALSE,21.9,45
1069,FALSE,0,46,975,66,6,FALSE,31.9,54
1070,FALSE,0,49,733,32,3,FALSE,19.3,59
1071,FALSE,0,27,1007,47,4,FALSE,24.1,39
1072,FALSE,0,66,584,14,4,FALSE,25.1,43
1073,FALSE,0,29,1010,67,5,FALSE,25,42
1074,TRUE,1,19,1131,79,4,FALSE,17.6,87
1075,FALSE,0,27,1036,60,3,FALSE,22.9,49
1076,TRUE,1,24,973,35,3,FALSE,27.5,54
1077,TRUE,1,13,1157,44,2,FALSE,17.2,43
1078,TRUE,1,15,1084,61,1,FALSE,16.6,44
1079,FALSE,0,33,1020,51,3,FALSE,26.1,67
1080,FALSE,0,35,896,49,2,FALSE,23.3,43
1081,FALSE,0,46,795,29,2,FALSE,25.1,48
1082,TRUE,1,22,970,51,2,FALSE,22.3,53
1083,FALSE,0,25,1025,47,2,FALSE,22,42
1084,FALSE,0,53,797,26,3,FALSE,24.1,75
1085,FALSE,0,34,875,26,4,FALSE,27.1,28
1086,TRUE,1,37,699,29,2,FALSE,18.1,76
1087,FALSE,0,29,939,55,1,FALSE,20.3,43
1088,FALSE,0,35,1052,71,1,FALSE,26.7,67
1089,FALSE,0,42,750,47,4,FALSE,22.6,20
1090,FALSE,0,42,912,52,3,FALSE,25.1,61
1091,TRUE,1,25,920,38,4,FALSE,23.6,60
1092,FALSE,0,29,955,71,1,FALSE,22,30
1093,FALSE,0,41,765,16,1,FALSE,23.6,37
1094,FALSE,0,44,786,56,1,FALSE,19.1,50
1095,FALSE,0,46,875,52,4,FALSE,24.6,64
1096,TRUE,1,30,817,62,4,FALSE,25.4,37
1097,FALSE,0,30,1012,49,7,FALSE,28.2,44
1098,TRUE,1,28,926,44,3,FALSE,25.5,70
1099,FALSE,0,24,1014,62,2,FALSE,18.7,32
1100,FALSE,0,63,674,18,2,FALSE,25.7,61
1101,TRUE,1,32,903,48,4,FALSE,31.2,54
1102,FALSE,0,49,912,76,4,FALSE,32,32
1103,FALSE,0,15,1379,73,2,FALSE,24.1,38
1104,FALSE,0,35,1050,77,4,FALSE,27.3,59
1105,TRUE,1,26,953,72,5,FALSE,25.3,51
1106,TRUE,1,30,941,59,3,FALSE,27.9,68
1107,TRUE,1,23,885,45,3,FALSE,20.8,39
1108,TRUE,1,26,800,57,5,FALSE,21.6,24
1109,TRUE,1,31,909,47,6,FALSE,29,62
1110,TRUE,1,16,1242,83,3,FALSE,28.4,39
1111,TRUE,1,16,1072,62,1,FALSE,16.7,49
1112,FALSE,0,34,942,53,4,FALSE,19.9,72
1113,FALSE,0,48,730,16,3,FALSE,23.8,44
1114,FALSE,0,35,970,66,2,FALSE,21,69
1115,FALSE,0,67,503,17,2,FALSE,22,32
1116,TRUE,1,17,1076,56,2,FALSE,16.1,61
1117,FALSE,0,32,1048,66,3,FALSE,28.1,51
1118,TRUE,1,20,1082,56,5,FALSE,28.6,37
1119,TRUE,1,17,1086,68,2,FALSE,22.8,30
1120,FALSE,0,27,1076,56,3,FALSE,26.8,49
1121,TRUE,1,31,853,37,2,FALSE,28.9,51
1122,FALSE,0,66,572,38,2,FALSE,19.7,51
1123,FALSE,0,63,642,42,4,FALSE,21.4,55
1124,FALSE,0,41,935,72,2,FALSE,27.5,41
1125,FALSE,0,28,1088,70,2,FALSE,28.2,40
1126,TRUE,1,48,679,40,1,FALSE,27.4,51
1127,FALSE,0,29,961,39,5,FALSE,24.3,40
1128,FALSE,0,50,924,45,3,FALSE,30.7,65
1129,FALSE,0,81,536,16,1,FALSE,31.9,50
1130,TRUE,1,20,1154,89,3,FALSE,28.9,39
1131,TRUE,1,23,917,72,3,FALSE,22.7,22
1132,FALSE,0,19,1333,85,4,FALSE,27.9,39
1133,TRUE,1,22,1054,67,4,FALSE,21.2,76
1134,FALSE,0,51,714,45,3,FALSE,21.4,40
1135,FALSE,0,55,757,46,4,FALSE,27.9,36
1136,FALSE,0,45,789,58,4,FALSE,18.2,57
1137,TRUE,1,10,1418,90,2,FALSE,20.9,54
1138,FALSE,0,68,583,22,2,FALSE,22.6,58
1139,FALSE,0,53,756,55,3,FALSE,23.7,44
1140,FALSE,0,39,831,45,2,FALSE,17.9,63
1141,FALSE,0,69,444,19,4,FALSE,19.1,31
1142,TRUE,1,57,636,45,2,FALSE,29.7,47
1143,FALSE,0,56,770,43,1,FALSE,29.3,38
1144,FALSE,0,32,1012,43,6,FALSE,27.8,57
1145,TRUE,1,20,990,70,2,FALSE,18.1,49
1146,FALSE,0,63,703,44,2,FALSE,23.6,63
1147,FALSE,0,49,793,44,3,FALSE,18.7,76
1148,TRUE,1,19,1177,54,3,FALSE,31.2,50
1149,FALSE,0,60,591,15,2,FALSE,22.4,40
1150,FALSE,0,24,955,34,2,FALSE,18.5,36
1151,TRUE,1,25,828,57,5,FALSE,17.1,44
1152,FALSE,0,44,854,63,3,FALSE,23.7,47
1153,TRUE,1,17,1275,82,4,FALSE,25.6,75
1154,TRUE,1,15,1145,56,5,FALSE,24,32
1155,FALSE,0,19,1092,61,3,FALSE,16.6,32
1156,FALSE,0,34,777,7,2,FALSE,19.8,42
1157,FALSE,0,61,778,36,1,FALSE,30.1,56
1158,FALSE,0,45,762,29,4,FALSE,19.4,59
1159,TRUE,1,26,952,72,3,FALSE,27.7,35
1160,FALSE,0,68,586,25,2,FALSE,24.4,49
1161,FALSE,0,27,956,54,2,FALSE,18.6,47
1162,FALSE,0,67,657,21,2,FALSE,26,64
1163,TRUE,1,23,1138,81,3,FALSE,29.5,63
1164,FALSE,0,59,628,29,2,FALSE,21.6,43
1165,TRUE,1,20,1040,58,1,FALSE,23.7,48
1166,TRUE,1,19,1210,53,1,FALSE,31.1,57
1167,TRUE,1,24,866,83,4,FALSE,18.9,24
1168,FALSE,0,54,805,44,2,FALSE,29.7,43
1169,TRUE,1,28,920,50,2,FALSE,26.7,56
1170,FALSE,0,27,1042,41,6,FALSE,27.3,40
1171,TRUE,1,27,781,35,3,FALSE,20.3,47
1172,TRUE,1,18,997,50,2,FALSE,17.9,47
1173,TRUE,1,22,949,45,3,FALSE,23,37
1174,TRUE,1,34,649,32,5,TRUE,20.9,34
1175,TRUE,1,19,1019,66,2,FALSE,19.9,45
1176,FALSE,0,52,674,38,3,FALSE,19.8,43
1177,TRUE,1,30,760,39,4,FALSE,18.9,59
1178,TRUE,1,33,905,48,2,FALSE,28.9,69
1179,FALSE,0,61,550,16,1,FALSE,18.4,47
1180,TRUE,1,43,752,69,3,FALSE,25.4,53
1181,TRUE,1,20,1066,69,1,FALSE,24,47
1182,TRUE,1,17,1197,80,2,FALSE,23.9,56
1183,TRUE,1,22,1013,59,4,FALSE,23.8,51
1184,FALSE,0,28,1025,55,5,FALSE,24.3,51
1185,FALSE,0,55,781,40,4,FALSE,24.8,63
1186,FALSE,0,39,815,34,1,FALSE,24.2,34
1187,FALSE,0,68,729,27,2,FALSE,30.3,68
1188,TRUE,1,21,958,51,4,FALSE,18.9,52
1189,TRUE,1,21,985,63,4,FALSE,18.9,50
1190,TRUE,1,22,947,56,3,FALSE,22.4,40
1191,FALSE,0,28,892,32,1,FALSE,19,45
1192,TRUE,1,22,919,51,3,FALSE,18.5,53
1193,FALSE,0,50,574,28,3,FALSE,17.2,19
1194,TRUE,1,18,1094,53,4,FALSE,25.6,39
1195,FALSE,0,57,827,51,1,FALSE,29.6,56
1196,FALSE,0,31,1065,67,2,FALSE,30.2,43
1197,FALSE,0,21,1124,70,5,FALSE,19.8,36
1198,TRUE,1,28,853,62,1,FALSE,25,39
1199,TRUE,1,21,994,53,6,FALSE,20.9,51
1200,FALSE,0,45,703,29,2,FALSE,22.3,25
1201,TRUE,1,21,1068,71,5,FALSE,22.2,60
1202,FALSE,0,23,1064,79,5,FALSE,22.7,17
1203,TRUE,1,23,905,51,3,FALSE,20.4,41
1204,FALSE,0,56,690,24,4,FALSE,26.2,37
1205,FALSE,0,34,851,62,3,FALSE,20.1,30
1206,FALSE,0,37,899,59,7,FALSE,25.9,33
1207,TRUE,1,29,939,59,1,FALSE,29.4,51
1208,FALSE,0,22,1020,45,2,FALSE,16.2,46
1209,FALSE,0,74,477,35,4,FALSE,20.6,43
1210,TRUE,1,30,712,41,3,FALSE,24.7,15
1211,FALSE,0,28,938,45,3,FALSE,22.4,29
1212,FALSE,0,50,793,58,8,FALSE,23.7,46
1213,FALSE,0,46,743,39,2,FALSE,22.4,35
1214,TRUE,1,19,1067,70,3,FALSE,23.6,36
1215,FALSE,0,73,604,29,1,FALSE,26.3,62
1216,FALSE,0,29,1029,55,4,FALSE,26.2,50
1217,FALSE,0,32,899,41,2,FALSE,24.6,33
1218,TRUE,1,24,900,41,4,FALSE,24.3,41
1219,FALSE,0,36,948,60,2,FALSE,25.9,44
1220,FALSE,0,28,1047,65,5,FALSE,26.9,38
1221,TRUE,1,25,863,32,2,FALSE,25.9,34
1222,FALSE,0,28,1065,90,3,FALSE,22.3,47
1223,FALSE,0,56,785,44,1,FALSE,26.6,58
1224,FALSE,0,22,1099,50,5,FALSE,19.8,51
1225,TRUE,1,16,1088,45,6,FALSE,19.3,45
1226,FALSE,0,29,1089,92,1,FALSE,25,53
1227,FALSE,0,31,958,47,3,FALSE,22.2,59
1228,TRUE,1,13,1243,83,2,FALSE,19.2,46
1229,FALSE,0,29,1034,78,5,FALSE,21.8,54
1230,TRUE,1,29,757,44,3,FALSE,23.1,32
1231,FALSE,0,46,912,68,1,FALSE,28.8,44
1232,TRUE,1,20,1091,71,2,FALSE,27.1,42
1233,TRUE,1,18,1060,62,2,FALSE,19.6,50
1234,TRUE,1,27,888,61,3,FALSE,22.7,53
1235,TRUE,1,27,741,14,2,FALSE,19.1,46
1236,TRUE,1,24,1022,57,1,FALSE,30.4,37
1237,FALSE,0,19,1179,59,1,FALSE,22.9,35
1238,FALSE,0,38,925,34,4,FALSE,27.4,51
1239,TRUE,1,55,581,32,5,TRUE,22.6,67
1240,FALSE,0,25,1095,79,2,FALSE,23.1,37
1241,FALSE,0,47,798,58,1,FALSE,22.7,42
1242,FALSE,0,39,870,37,2,FALSE,23.7,52
1243,TRUE,1,21,885,27,3,FALSE,19.9,40
1244,FALSE,0,53,708,37,3,FALSE,21.6,49
1245,FALSE,0,25,1111,64,4,FALSE,25.2,47
1246,TRUE,1,18,1135,67,2,FALSE,27.7,37
1247,FALSE,0,66,507,13,3,FALSE,16.4,59
1248,FALSE,0,50,670,27,1,FALSE,16.3,59
1249,FALSE,0,25,1090,65,2,FALSE,19.9,62
1250,FALSE,0,53,862,48,4,FALSE,28,65
1251,TRUE,1,25,879,59,4,FALSE,20.8,41
1252,TRUE,1,21,950,45,3,FALSE,21.1,41
1253,FALSE,0,43,747,32,3,FALSE,18.2,51
1254,FALSE,0,57,788,51,1,FALSE,26.3,56
1255,TRUE,1,25,811,23,2,FALSE,21.6,43
1256,TRUE,1,23,897,54,5,FALSE,19.7,42
1257,TRUE,1,22,837,41,1,FALSE,16.8,39
1258,TRUE,1,15,1334,90,2,FALSE,24.2,68
1259,TRUE,1,38,723,43,6,FALSE,31.4,13
1260,FALSE,0,50,752,34,3,FALSE,24.3,45
1261,FALSE,0,27,1007,63,2,FALSE,20.2,48
1262,TRUE,1,23,981,67,3,FALSE,26.8,33
1263,FALSE,0,38,988,65,1,FALSE,27.8,53
1264,FALSE,0,31,948,55,2,FALSE,28.1,20
1265,TRUE,1,20,1104,68,4,FALSE,22.7,61
1266,TRUE,1,20,923,66,1,FALSE,18.4,24
1267,FALSE,0,58,655,19,3,FALSE,29.5,17
1268,FALSE,0,59,705,35,5,FALSE,27.6,37
1269,FALSE,0,33,908,44,1,FALSE,22,50
1270,FALSE,0,38,855,36,6,FALSE,24.9,38
1271,FALSE,0,44,734,47,1,FALSE,18.4,40
1272,TRUE,1,28,919,61,4,FALSE,26.8,52
1273,FALSE,0,31,933,39,3,FALSE,26.3,33
1274,TRUE,1,23,867,32,3,FALSE,20.1,46
1275,TRUE,1,48,649,16,5,TRUE,27.4,55
1276,FALSE,0,61,826,49,3,FALSE,28.9,70
1277,TRUE,1,23,1028,58,4,FALSE,26.3,54
1278,FALSE,0,66,766,46,3,FALSE,28.1,72
1279,FALSE,0,38,881,47,2,FALSE,22.5,54
1280,TRUE,1,28,889,51,2,FALSE,27.2,48
1281,FALSE,0,44,766,32,2,FALSE,27.6,16
1282,FALSE,0,19,1171,79,4,FALSE,20.1,30
1283,FALSE,0,27,1151,68,3,FALSE,31.8,43
1284,FALSE,0,47,881,50,4,FALSE,27.1,58
1285,TRUE,1,17,1169,79,3,FALSE,24.5,43
1286,TRUE,1,29,862,33,2,FALSE,27,55
1287,FALSE,0,26,1026,64,4,FALSE,22.5,33
1288,TRUE,1,42,771,76,3,FALSE,26.8,44
1289,FALSE,0,25,1200,66,2,FALSE,30.7,51
1290,FALSE,0,28,935,29,3,FALSE,22.8,43
1291,FALSE,0,39,850,45,4,FALSE,21.9,49
1292,FALSE,0,52,824,68,3,FALSE,27.4,38
1293,FALSE,0,28,1133,68,2,FALSE,28.7,53
1294,TRUE,1,30,937,69,4,FALSE,30.7,46
1295,FALSE,0,54,766,26,2,FALSE,28.1,47
1296,FALSE,0,63,666,33,2,FALSE,31.3,20
1297,TRUE,1,27,906,48,4,FALSE,29.2,38
1298,TRUE,1,29,706,15,4,FALSE,23.3,27
1299,FALSE,0,35,784,24,4,FALSE,22.1,25
1300,TRUE,1,22,952,67,3,FALSE,20.4,41
1301,FALSE,0,32,846,48,1,FALSE,17.7,45
1302,FALSE,0,40,893,52,3,FALSE,24.1,52
1303,FALSE,0,47,831,52,3,FALSE,21.9,63
1304,TRUE,1,17,1111,79,4,FALSE,18.8,54
1305,FALSE,0,57,848,64,4,FALSE,27.8,62
1306,FALSE,0,29,1048,35,3,FALSE,30.8,40
1307,FALSE,0,62,633,19,1,FALSE,25.4,43
1308,FALSE,0,64,794,44,2,FALSE,30.9,63
1309,FALSE,0,32,885,30,4,FALSE,22.2,48
1310,FALSE,0,62,530,26,1,FALSE,20.8,24
1311,FALSE,0,30,1016,70,2,FALSE,27.3,36
1312,FALSE,0,28,1027,74,2,FALSE,19.1,62
1313,FALSE,0,54,649,35,4,FALSE,20.1,39
1314,TRUE,1,27,970,66,2,FALSE,27.7,52
1315,TRUE,1,26,719,22,4,FALSE,15.7,48
1316,TRUE,1,20,1020,64,1,FALSE,22.1,41
1317,FALSE,0,22,1149,80,4,FALSE,21.7,43
1318,TRUE,1,37,773,41,2,FALSE,26.6,53
1319,TRUE,1,44,743,47,3,FALSE,28.4,51
1320,FALSE,0,62,765,70,1,FALSE,23.9,65
1321,TRUE,1,32,771,57,4,FALSE,22.6,45
1322,FALSE,0,43,812,56,2,FALSE,23.4,35
1323,FALSE,0,55,848,44,5,FALSE,31.5,50
1324,FALSE,0,41,887,48,2,FALSE,24,57
1325,FALSE,0,32,910,44,6,FALSE,15.6,80
1326,FALSE,0,46,836,48,2,FALSE,26.7,41
1327,FALSE,0,58,769,55,3,FALSE,28.1,43
1328,FALSE,0,64,634,21,3,FALSE,23.3,60
1329,FALSE,0,58,792,52,1,FALSE,25.8,66
1330,FALSE,0,28,992,70,3,FALSE,21.7,38
1331,FALSE,0,24,1109,69,3,FALSE,19.7,57
1332,FALSE,0,68,676,37,2,FALSE,30.8,40
1333,TRUE,1,19,1112,65,3,FALSE,27.1,34
1334,FALSE,0,24,1026,42,3,FALSE,18.2,56
1335,TRUE,1,33,768,35,3,FALSE,24.6,49
1336,FALSE,0,54,801,37,2,FALSE,28.3,53
1337,TRUE,1,17,1089,61,4,FALSE,20.6,39
1338,FALSE,0,55,717,22,4,FALSE,20.4,73
1339,FALSE,0,42,996,61,4,FALSE,30.9,57
1340,TRUE,1,12,1227,65,3,FALSE,16.5,42
1341,FALSE,0,37,1011,63,2,FALSE,28,57
1342,FALSE,0,30,938,44,3,FALSE,25.8,31
1343,FALSE,0,28,963,57,2,FALSE,20.3,46
1344,FALSE,0,37,908,39,2,FALSE,22.2,67
1345,FALSE,0,48,801,37,3,FALSE,25.9,45
1346,TRUE,1,26,827,39,6,FALSE,17.6,60
1347,TRUE,1,23,888,44,2,FALSE,19.8,45
1348,FALSE,0,56,715,63,3,FALSE,27.4,15
1349,TRUE,1,30,840,65,3,FALSE,26.4,35
1350,TRUE,1,28,832,53,3,FALSE,21.6,51
1351,FALSE,0,58,701,28,1,FALSE,21.8,68
1352,TRUE,1,37,706,34,1,FALSE,25.1,39
1353,FALSE,0,49,719,23,1,FALSE,21.2,51
1354,TRUE,1,25,1025,66,1,FALSE,32,34
1355,FALSE,0,62,719,35,1,FALSE,31.7,33
1356,FALSE,0,30,932,50,3,FALSE,23.7,37
1357,TRUE,1,25,932,66,2,FALSE,18.7,67
1358,TRUE,1,24,1043,72,4,FALSE,25.3,61
1359,FALSE,0,70,661,35,2,FALSE,28.6,56
1360,FALSE,0,29,988,47,3,FALSE,21.7,63
1361,FALSE,0,56,809,57,3,FALSE,29.3,42
1362,FALSE,0,23,1199,63,2,FALSE,24.9,58
1363,FALSE,0,18,1188,69,4,FALSE,16.9,51
1364,TRUE,1,16,995,38,3,FALSE,17.7,33
1365,FALSE,0,40,784,59,2,FALSE,18.4,36
1366,TRUE,1,27,745,28,2,FALSE,18.3,48
1367,FALSE,0,44,791,49,2,FALSE,20.2,50
1368,FALSE,0,33,952,46,3,FALSE,26.6,43
1369,FALSE,0,29,946,59,2,FALSE,22,34
1370,FALSE,0,44,657,33,2,FALSE,19.2,18
1371,FALSE,0,66,588,26,2,FALSE,22.1,54
1372,FALSE,0,32,860,60,2,FALSE,16.9,43
1373,TRUE,1,17,1213,77,2,FALSE,26.2,55
1374,FALSE,0,37,867,55,3,FALSE,25.3,26
1375,TRUE,1,23,1032,51,4,FALSE,31.9,30
1376,FALSE,0,44,882,59,4,FALSE,26.2,46
1377,FALSE,0,41,827,38,2,FALSE,26.9,28
1378,FALSE,0,40,805,21,6,FALSE,28.5,20
1379,FALSE,0,44,941,49,1,FALSE,29.1,59
1380,FALSE,0,28,1026,61,3,FALSE,20.7,60
1381,FALSE,0,31,883,33,3,FALSE,23.4,33
1382,TRUE,1,23,861,42,2,FALSE,19.2,44
1383,FALSE,0,22,1103,65,5,FALSE,21.8,32
1384,FALSE,0,36,932,62,1,FALSE,23.2,52
1385,FALSE,0,38,878,38,5,FALSE,24.4,47
1386,TRUE,1,25,830,50,2,FALSE,20.1,35
1387,TRUE,1,15,1095,38,2,FALSE,21.9,37
1388,FALSE,0,41,747,52,5,FALSE,18.3,33
1389,FALSE,0,69,581,17,1,FALSE,24.8,54
1390,FALSE,0,38,898,48,2,FALSE,23.3,56
1391,FALSE,0,58,740,52,7,FALSE,24.4,53
1392,FALSE,0,22,1139,85,4,FALSE,20.6,36
1393,FALSE,0,43,762,42,3,FALSE,23.9,23
1394,TRUE,1,60,514,25,2,FALSE,23.7,55
1395,TRUE,1,20,1085,56,3,FALSE,26.8,45
1396,TRUE,1,42,764,57,4,FALSE,27.8,47
1397,TRUE,1,23,1059,61,3,FALSE,25.9,62
1398,FALSE,0,29,877,58,3,FALSE,17.8,35
1399,FALSE,0,63,708,38,1,FALSE,24.8,64
1400,TRUE,1,25,783,27,2,FALSE,19.2,42
1401,TRUE,1,31,690,49,2,FALSE,18.4,38
1402,TRUE,1,22,1065,83,2,FALSE,26.6,45
1403,FALSE,0,25,1205,59,1,FALSE,30.2,53
1404,FALSE,0,22,1182,68,3,FALSE,24.2,45
1405,FALSE,0,30,940,47,2,FALSE,24.3,35
1406,FALSE,0,26,1027,53,4,FALSE,21.8,44
1407,FALSE,0,28,850,48,3,FALSE,19.6,12
1408,FALSE,0,35,887,54,6,FALSE,22.3,40
1409,FALSE,0,74,550,35,1,FALSE,23.6,54
1410,TRUE,1,36,680,13,6,TRUE,24.2,45
1411,FALSE,0,22,1146,73,4,FALSE,19.6,57
1412,FALSE,0,34,889,62,5,FALSE,18.3,54
1413,TRUE,1,42,750,33,3,FALSE,28.1,57
1414,FALSE,0,49,918,44,2,FALSE,31.8,57
1415,TRUE,1,16,1284,95,2,FALSE,31.5,23
1416,FALSE,0,33,1044,54,4,FALSE,31.2,48
1417,FALSE,0,19,1161,47,3,FALSE,15.6,70
1418,FALSE,0,28,952,58,2,FALSE,20.8,41
1419,TRUE,1,17,1057,58,4,FALSE,16.2,54
1420,TRUE,1,22,948,30,2,FALSE,22.7,50
1421,FALSE,0,60,638,49,4,FALSE,18.2,55
1422,TRUE,1,31,880,51,3,FALSE,30.8,44
1423,FALSE,0,51,786,28,3,FALSE,29.2,39
1424,TRUE,1,19,1202,77,5,FALSE,30.5,49
1425,FALSE,0,30,1008,53,3,FALSE,25.4,51
1426,FALSE,0,39,849,61,1,FALSE,20.6,45
1427,TRUE,1,21,1002,44,3,FALSE,23.6,48
1428,FALSE,0,27,949,43,7,FALSE,18.5,53
1429,TRUE,1,10,1291,68,5,FALSE,18.2,37
1430,FALSE,0,46,766,26,3,FALSE,19.7,64
1431,TRUE,1,28,881,64,5,FALSE,18.4,78
1432,FALSE,0,47,905,34,2,FALSE,28.3,68
1433,FALSE,0,40,900,51,4,FALSE,26.9,41
1434,FALSE,0,26,892,41,4,FALSE,18.1,22
1435,FALSE,0,39,829,54,2,FALSE,19.3,48
1436,FALSE,0,47,866,38,2,FALSE,26.7,60
1437,FALSE,0,34,918,23,3,FALSE,24.4,58
1438,TRUE,1,10,1236,43,5,FALSE,17.8,30
1439,FALSE,0,33,900,50,3,FALSE,24.4,32
1440,TRUE,1,21,935,59,3,FALSE,17.7,49
1441,FALSE,0,22,1178,74,2,FALSE,20.8,56
1442,FALSE,0,47,861,59,3,FALSE,23.6,60
1443,FALSE,0,22,1191,69,1,FALSE,22.9,59
1444,TRUE,1,28,842,51,3,FALSE,25.3,34
1445,TRUE,1,24,918,42,4,FALSE,27.1,29
1446,TRUE,1,27,869,60,4,FALSE,27.5,19
1447,TRUE,1,27,981,67,1,FALSE,28.3,55
1448,FALSE,0,29,1019,57,3,FALSE,23.3,59
1449,TRUE,1,21,1021,57,3,FALSE,22,52
1450,TRUE,1,21,1041,82,2,FALSE,24.7,33
1451,FALSE,0,53,874,55,3,FALSE,27,70
1452,TRUE,1,21,1054,60,4,FALSE,26.9,42
1453,FALSE,0,37,1016,62,4,FALSE,25.9,72
1454,FALSE,0,33,1045,61,1,FALSE,28.8,55
1455,FALSE,0,61,826,46,3,FALSE,30.7,64
1456,FALSE,0,37,827,47,4,FALSE,18.4,52
1457,FALSE,0,25,955,37,2,FALSE,17.7,47
1458,TRUE,1,21,955,70,4,FALSE,20,33
1459,FALSE,0,29,992,56,4,FALSE,25.2,40
1460,TRUE,1,21,978,58,1,FALSE,20.2,47
1461,FALSE,0,46,734,38,6,FALSE,18.7,52
1462,FALSE,0,26,957,35,4,FALSE,19.2,47
1463,FALSE,0,44,809,46,4,FALSE,22.9,45
1464,FALSE,0,60,737,33,2,FALSE,28,50
1465,TRUE,1,15,1091,62,1,FALSE,16,40
1466,FALSE,0,28,961,49,5,FALSE,21.4,40
1467,FALSE,0,45,792,57,5,FALSE,24.2,27
1468,TRUE,1,39,688,28,2,FALSE,22.2,59
1469,FALSE,0,47,909,46,3,FALSE,31.3,48
1470,TRUE,1,30,892,51,3,FALSE,29.6,46
1471,FALSE,0,43,799,37,4,FALSE,24.3,37
1472,FALSE,0,19,1286,90,1,FALSE,24,44
1473,FALSE,0,45,917,63,4,FALSE,31.4,32
1474,FALSE,0,46,769,38,2,FALSE,24.7,33
1475,TRUE,1,20,1007,64,3,FALSE,24.3,21
1476,FALSE,0,52,883,53,4,FALSE,29.1,61
1477,FALSE,0,61,632,26,3,FALSE,22.3,49
1478,TRUE,1,14,1090,39,9,FALSE,18.2,32
1479,TRUE,1,28,1002,63,4,FALSE,29.6,64
1480,TRUE,1,20,1157,59,4,FALSE,29.9,56
1481,FALSE,0,26,1101,78,4,FALSE,21.9,58
1482,TRUE,1,19,1114,79,1,FALSE,24.9,44
1483,FALSE,0,45,814,16,4,FALSE,28.4,42
1484,FALSE,0,56,683,28,4,FALSE,23.4,46
1485,TRUE,1,64,391,31,7,TRUE,17,53
1486,FALSE,0,63,652,25,1,FALSE,23.4,59
1487,FALSE,0,42,901,48,4,FALSE,22.9,70
1488,FALSE,0,38,947,70,3,FALSE,26.7,40
1489,FALSE,0,32,886,32,3,FALSE,25,33
1490,TRUE,1,21,947,77,4,FALSE,16.1,49
1491,TRUE,1,42,836,51,1,FALSE,25.6,90
1492,FALSE,0,61,624,16,1,FALSE,24.8,42
1493,TRUE,1,22,980,48,8,FALSE,20.8,64
1494,FALSE,0,32,980,53,4,FALSE,26.2,44
1495,FALSE,0,50,753,38,2,FALSE,24.2,41
1496,TRUE,1,17,1088,62,4,FALSE,21.4,38
1497,TRUE,1,11,1355,88,7,FALSE,19.3,45
1498,FALSE,0,32,970,47,2,FALSE,21.7,71
1499,FALSE,0,26,1173,89,3,FALSE,25.9,52
1500,FALSE,0,55,783,43,3,FALSE,26.4,54
1501,TRUE,1,26,984,66,5,FALSE,25.6,59
1502,FALSE,0,55,908,57,7,FALSE,29.3,77
1503,TRUE,1,26,879,33,3,FALSE,22.9,58
1504,FALSE,0,41,784,52,2,FALSE,22.1,28
1505,FALSE,0,23,1049,55,4,FALSE,20.2,33
1506,TRUE,1,11,1246,78,3,FALSE,18.1,25
1507,FALSE,0,23,934,36,3,FALSE,21.1,8
1508,FALSE,0,46,838,31,3,FALSE,24.3,66
1509,FALSE,0,29,1046,57,3,FALSE,28.5,41
1510,TRUE,1,25,921,60,3,FALSE,21.4,53
1511,FALSE,0,70,578,33,3,FALSE,21.1,64
1512,TRUE,1,13,1218,60,6,FALSE,20.4,40
1513,FALSE,0,39,890,58,4,FALSE,23.7,46
1514,FALSE,0,38,905,73,2,FALSE,21.2,53
1515,TRUE,1,34,847,55,3,FALSE,28.6,51
1516,TRUE,1,36,798,29,3,FALSE,32.2,37
1517,FALSE,0,65,692,16,1,FALSE,28.8,58
1518,FALSE,0,31,1039,69,2,FALSE,25.8,55
1519,FALSE,0,24,1044,52,3,FALSE,20.9,44
1520,TRUE,1,21,1047,48,2,FALSE,29.3,31
1521,FALSE,0,53,652,31,4,FALSE,16.7,56
1522,FALSE,0,41,861,40,1,FALSE,20.7,68
1523,FALSE,0,45,777,42,4,FALSE,17.3,67
1524,TRUE,1,28,922,45,3,FALSE,26.9,60
1525,TRUE,1,16,1189,79,4,FALSE,23.9,41
1526,TRUE,1,26,897,45,1,FALSE,26.4,40
1527,FALSE,0,37,859,39,1,FALSE,24.2,39
1528,TRUE,1,21,1056,69,3,FALSE,25.9,42
1529,FALSE,0,27,1053,71,3,FALSE,20.7,58
1530,FALSE,0,62,677,44,2,FALSE,23.7,51
1531,FALSE,0,53,576,21,4,FALSE,19.7,22
1532,FALSE,0,66,510,37,4,FALSE,21.1,22
1533,TRUE,1,34,611,23,5,TRUE,16.3,47
1534,FALSE,0,40,891,52,3,FALSE,24.4,50
1535,FALSE,0,45,792,40,3,FALSE,29,15
1536,FALSE,0,28,829,33,2,FALSE,15.7,36
1537,FALSE,0,61,736,45,2,FALSE,27.7,48
1538,FALSE,0,42,1036,57,2,FALSE,32.2,68
1539,FALSE,0,21,1153,83,5,FALSE,24,19
1540,FALSE,0,50,663,43,3,FALSE,19.6,30
1541,FALSE,0,20,1225,71,1,FALSE,25.3,33
1542,FALSE,0,28,1025,60,4,FALSE,23.9,50
1543,FALSE,0,42,936,40,2,FALSE,29.8,52
1544,TRUE,1,29,781,15,3,FALSE,26.1,43
1545,TRUE,1,14,1141,55,3,FALSE,21.4,25
1546,FALSE,0,62,619,43,2,FALSE,21.9,39
1547,TRUE,1,29,863,61,1,FALSE,27.2,40
1548,TRUE,1,53,552,18,3,FALSE,25.2,45
1549,TRUE,1,20,1066,67,3,FALSE,19.4,70
1550,TRUE,1,25,883,55,6,FALSE,22.7,38
1551,TRUE,1,61,637,58,6,TRUE,30.6,49
1552,FALSE,0,49,844,71,1,FALSE,26.8,38
1553,FALSE,0,51,759,67,3,FALSE,23.9,30
1554,TRUE,1,47,724,43,2,FALSE,28.3,56
1555,FALSE,0,41,823,40,2,FALSE,25.4,33
1556,FALSE,0,30,1024,38,2,FALSE,21.4,86
1557,FALSE,0,33,1066,64,4,FALSE,30.9,49
1558,FALSE,0,46,714,20,2,FALSE,20,48
1559,FALSE,0,27,991,41,2,FALSE,22,47
1560,FALSE,0,49,871,62,7,FALSE,22.9,73
1561,TRUE,1,19,1217,69,4,FALSE,30.5,57
1562,FALSE,0,44,745,55,2,FALSE,17.4,44
1563,TRUE,1,21,1000,58,4,FALSE,25.8,31
1564,FALSE,0,27,1085,53,2,FALSE,29.5,33
1565,TRUE,1,22,1036,59,3,FALSE,29,37
1566,FALSE,0,52,664,16,2,FALSE,17.5,65
1567,FALSE,0,66,694,63,1,FALSE,26.7,45
1568,TRUE,1,26,873,58,5,FALSE,22.9,37
1569,TRUE,1,24,874,31,1,FALSE,19.3,59
1570,FALSE,0,38,924,56,5,FALSE,21.8,66
1571,FALSE,0,41,968,63,2,FALSE,31.4,38
1572,FALSE,0,25,1139,78,1,FALSE,25.7,41
1573,FALSE,0,42,852,47,4,FALSE,22.8,52
1574,FALSE,0,46,672,29,2,FALSE,16.1,48
1575,FALSE,0,66,633,39,1,FALSE,23.2,53
1576,TRUE,1,40,701,16,4,FALSE,22.8,72
1577,TRUE,1,19,1109,84,1,FALSE,23.3,47
1578,FALSE,0,49,872,55,3,FALSE,29.3,44
1579,FALSE,0,56,800,50,2,FALSE,27.3,54
1580,TRUE,1,22,973,55,3,FALSE,22.3,47
1581,TRUE,1,25,1082,68,3,FALSE,31,56
1582,FALSE,0,57,743,40,1,FALSE,27.2,44
1583,FALSE,0,20,1113,56,2,FALSE,16.1,54
1584,TRUE,1,17,1045,94,1,FALSE,17.8,26
1585,TRUE,1,36,705,15,4,FALSE,24.9,48
1586,TRUE,1,14,1333,77,3,FALSE,30,40
1587,FALSE,0,26,925,31,3,FALSE,19.8,31
1588,FALSE,0,48,698,48,2,FALSE,18.1,42
1589,TRUE,1,22,988,53,3,FALSE,22.3,53
1590,TRUE,1,17,1121,74,2,FALSE,19.7,49
1591,TRUE,1,46,734,53,4,FALSE,27.2,57
1592,FALSE,0,50,780,15,5,FALSE,25.3,61
1593,FALSE,0,38,972,61,3,FALSE,26.1,59
1594,FALSE,0,21,1162,86,3,FALSE,20.3,43
1595,TRUE,1,21,1074,71,2,FALSE,29.1,29
1596,FALSE,0,50,882,66,1,FALSE,29.6,44
1597,FALSE,0,59,576,16,3,FALSE,15.8,64
1598,FALSE,0,57,586,7,2,FALSE,20.1,46
1599,FALSE,0,21,1130,65,4,FALSE,23.6,25
1600,TRUE,1,15,1173,52,2,FALSE,20.3,54
1601,FALSE,0,44,781,45,3,FALSE,19.8,52
1602,FALSE,0,30,832,42,1,FALSE,15.8,42
1603,FALSE,0,25,1032,71,2,FALSE,17.5,50
1604,TRUE,1,22,979,53,4,FALSE,19.5,67
1605,TRUE,1,51,670,16,4,FALSE,28.2,66
1606,FALSE,0,25,1006,45,1,FALSE,20.5,41
1607,FALSE,0,23,1197,76,5,FALSE,26.1,48
1608,FALSE,0,35,962,73,1,FALSE,28.1,27
1609,FALSE,0,40,879,21,3,FALSE,29.9,37
1610,FALSE,0,38,1029,62,3,FALSE,26.9,76
1611,TRUE,1,25,915,43,3,FALSE,21.3,69
1612,FALSE,0,25,1136,82,4,FALSE,24.3,44
1613,FALSE,0,34,843,63,3,FALSE,18.4,38
1614,FALSE,0,41,864,33,7,FALSE,30.1,29
1615,TRUE,1,27,1000,81,7,FALSE,23.1,77
1616,TRUE,1,19,1154,63,2,FALSE,28.2,49
1617,FALSE,0,26,1076,46,3,FALSE,28.4,39
1618,FALSE,0,29,1136,66,2,FALSE,29.7,63
1619,TRUE,1,13,1355,79,3,FALSE,31.3,32
1620,FALSE,0,29,1084,62,2,FALSE,27.1,58
1621,FALSE,0,34,1048,64,1,FALSE,26.6,68
1622,FALSE,0,21,1186,59,1,FALSE,24.9,45
1623,FALSE,0,50,791,35,1,FALSE,22.2,68
1624,FALSE,0,77,541,33,4,FALSE,25.4,57
1625,FALSE,0,50,749,35,3,FALSE,25.4,38
1626,FALSE,0,51,849,51,4,FALSE,27,56
1627,FALSE,0,39,790,48,3,FALSE,19.4,38
1628,FALSE,0,48,720,53,2,FALSE,19.4,40
1629,FALSE,0,32,913,37,3,FALSE,21.3,58
1630,TRUE,1,19,1043,62,5,FALSE,21.7,41
1631,FALSE,0,24,1152,81,4,FALSE,24.2,47
1632,FALSE,0,24,1133,64,3,FALSE,22.2,62
1633,FALSE,0,22,1067,49,3,FALSE,22.1,31
1634,FALSE,0,55,712,17,3,FALSE,21.7,70
1635,TRUE,1,26,1075,74,5,FALSE,28.1,76
1636,TRUE,1,20,1232,93,5,FALSE,31.3,56
1637,FALSE,0,53,812,28,2,FALSE,29.4,54
1638,FALSE,0,35,943,41,2,FALSE,28.1,41
1639,TRUE,1,49,599,31,1,FALSE,22.3,54
1640,TRUE,1,23,854,32,4,FALSE,19.1,41
1641,FALSE,0,30,1087,63,1,FALSE,30.3,52
1642,TRUE,1,15,1250,88,4,FALSE,26,38
1643,FALSE,0,59,777,49,4,FALSE,26.7,59
1644,FALSE,0,44,958,53,5,FALSE,30.1,57
1645,TRUE,1,59,511,30,3,FALSE,20.2,65
1646,FALSE,0,54,925,52,5,FALSE,30.7,75
1647,TRUE,1,22,1013,68,4,FALSE,26.1,39
1648,TRUE,1,17,1070,54,5,FALSE,17.4,61
1649,TRUE,1,22,922,47,2,FALSE,24.1,28
1650,FALSE,0,32,1086,76,1,FALSE,31.6,41
1651,FALSE,0,44,869,51,2,FALSE,23.7,61
1652,FALSE,0,64,486,28,4,FALSE,16.4,37
1653,TRUE,1,21,966,70,2,FALSE,17.4,52
1654,FALSE,0,26,997,57,2,FALSE,21.1,35
1655,FALSE,0,32,910,48,1,FALSE,22.3,42
1656,FALSE,0,46,887,61,3,FALSE,27.6,47
1657,TRUE,1,25,964,53,1,FALSE,28.8,39
1658,TRUE,1,16,1095,56,5,FALSE,24.9,20
1659,TRUE,1,20,1122,63,1,FALSE,27.5,51
1660,FALSE,0,16,1247,75,4,FALSE,15.6,54
1661,FALSE,0,40,860,48,4,FALSE,23,50
1662,TRUE,1,38,743,33,1,FALSE,28.1,41
1663,TRUE,1,21,1062,55,2,FALSE,23.4,60
1664,TRUE,1,36,648,26,3,FALSE,17.1,63
1665,TRUE,1,24,892,49,4,FALSE,26.6,14
1666,TRUE,1,17,1152,75,2,FALSE,18.6,63
1667,TRUE,1,19,1082,62,5,FALSE,27.6,23
1668,FALSE,0,25,1016,40,2,FALSE,22.4,43
1669,FALSE,0,29,972,30,3,FALSE,28.1,32
1670,TRUE,1,17,1250,62,2,FALSE,32.2,39
1671,TRUE,1,41,745,43,3,FALSE,24.3,66
1672,FALSE,0,60,708,72,3,FALSE,20.1,55
1673,FALSE,0,33,1078,54,1,FALSE,32.2,55
1674,TRUE,1,20,842,49,4,FALSE,16.3,19
1675,TRUE,1,23,904,53,2,FALSE,18.8,50
1676,TRUE,1,29,740,36,3,FALSE,17.4,56
1677,FALSE,0,50,726,43,3,FALSE,18.4,60
1678,FALSE,0,26,1119,67,3,FALSE,29.8,34
1679,FALSE,0,34,921,55,3,FALSE,19.9,61
1680,TRUE,1,15,1112,78,2,FALSE,19.9,28
1681,FALSE,0,58,750,22,2,FALSE,25.2,72
1682,FALSE,0,41,935,52,3,FALSE,31.2,36
1683,TRUE,1,63,575,16,8,TRUE,30.9,58
1684,FALSE,0,49,688,22,2,FALSE,19.2,52
1685,FALSE,0,31,935,48,2,FALSE,25.8,33
1686,FALSE,0,30,1046,46,1,FALSE,26.8,64
1687,TRUE,1,18,1028,58,3,FALSE,17.5,48
1688,FALSE,0,40,861,60,3,FALSE,19.6,59
1689,FALSE,0,42,905,50,4,FALSE,26.7,51
1690,FALSE,0,61,713,27,6,FALSE,25.9,60
1691,TRUE,1,23,1054,77,3,FALSE,27.3,48
1692,FALSE,0,56,650,32,1,FALSE,17.4,63
1693,FALSE,0,28,860,25,2,FALSE,17.1,43
1694,TRUE,1,17,1075,72,5,FALSE,16.2,55
1695,FALSE,0,50,803,51,4,FALSE,24.2,53
1696,TRUE,1,17,1221,66,4,FALSE,26.2,59
1697,TRUE,1,23,1068,74,5,FALSE,29.4,39
1698,FALSE,0,26,1114,55,3,FALSE,26.4,50
1699,FALSE,0,32,1005,60,3,FALSE,28.3,39
1700,FALSE,0,77,436,26,2,FALSE,18.3,60
1701,FALSE,0,45,833,34,4,FALSE,27.9,39
1702,FALSE,0,35,941,45,1,FALSE,21,72
1703,TRUE,1,22,1015,69,3,FALSE,20.7,59
1704,TRUE,1,44,648,45,5,TRUE,22.5,47
1705,TRUE,1,18,1131,39,4,FALSE,24.1,64
1706,TRUE,1,15,1238,84,4,FALSE,22.4,46
1707,FALSE,0,68,585,46,1,FALSE,20.2,55
1708,FALSE,0,37,983,67,3,FALSE,26.4,55
1709,TRUE,1,46,635,36,7,TRUE,22.8,54
1710,TRUE,1,16,1128,70,3,FALSE,20.7,39
1711,FALSE,0,73,430,17,2,FALSE,21.6,30
1712,TRUE,1,17,1077,75,1,FALSE,21.2,24
1713,FALSE,0,47,771,47,1,FALSE,22.8,41
1714,FALSE,0,54,803,62,5,FALSE,24.2,57
1715,TRUE,1,25,816,52,2,FALSE,17.3,44
1716,FALSE,0,44,751,45,5,FALSE,21.8,31
1717,FALSE,0,47,984,49,3,FALSE,30.6,78
1718,FALSE,0,40,833,43,3,FALSE,19.9,57
1719,TRUE,1,16,1296,80,6,FALSE,25.6,75
1720,FALSE,0,28,1014,70,1,FALSE,18.1,65
1721,TRUE,1,23,893,54,4,FALSE,20.1,39
1722,TRUE,1,26,861,46,2,FALSE,22.8,42
1723,TRUE,1,14,1222,86,3,FALSE,22.8,27
1724,FALSE,0,34,923,44,2,FALSE,22.4,58
1725,FALSE,0,50,843,59,1,FALSE,22.3,70
1726,TRUE,1,42,745,37,4,FALSE,32,35
1727,FALSE,0,37,771,42,2,FALSE,19.4,31
1728,TRUE,1,16,1247,75,3,FALSE,24.4,60
1729,TRUE,1,22,930,43,3,FALSE,24.2,26
1730,TRUE,1,18,1080,51,2,FALSE,17.9,74
1731,TRUE,1,29,832,57,7,FALSE,22.2,56
1732,TRUE,1,26,770,36,3,FALSE,22.2,24
1733,FALSE,0,26,972,45,1,FALSE,17.1,53
1734,FALSE,0,41,786,44,5,FALSE,18.7,49
1735,FALSE,0,36,857,62,5,FALSE,25.6,13
1736,FALSE,0,37,989,50,3,FALSE,30.6,47
1737,FALSE,0,83,444,29,2,FALSE,27.9,39
1738,TRUE,1,26,829,49,4,FALSE,21.8,35
1739,FALSE,0,39,954,70,6,FALSE,25.7,51
1740,FALSE,0,53,824,34,4,FALSE,27.9,60
1741,TRUE,1,19,1149,69,1,FALSE,21.7,72
1742,TRUE,1,16,1146,74,6,FALSE,26.9,11
1743,TRUE,1,27,780,48,3,FALSE,16.3,58
1744,FALSE,0,35,847,36,1,FALSE,23.4,34
1745,TRUE,1,49,570,12,2,FALSE,20.9,64
1746,FALSE,0,31,970,49,1,FALSE,24.3,52
1747,FALSE,0,67,592,37,4,FALSE,18.8,68
1748,TRUE,1,18,961,27,4,FALSE,22.1,27
1749,FALSE,0,49,906,49,5,FALSE,30.7,55
1750,FALSE,0,17,1325,92,2,FALSE,21.4,52
1751,FALSE,0,46,879,33,6,FALSE,27.4,62
1752,TRUE,1,13,1339,77,4,FALSE,27.7,44
